Country or Area,Year,Unit,Quantity
Algeria,2019,"Kilowatt-hours, million",11.69
Algeria,2018,"Kilowatt-hours, million",10.52
Algeria,2017,"Kilowatt-hours, million",19.4
Algeria,2016,"Kilowatt-hours, million",19.4
Algeria,2015,"Kilowatt-hours, million",19.24
Algeria,2014,"Kilowatt-hours, million",1
Argentina,2020,"Kilowatt-hours, million",9412.333
Argentina,2019,"Kilowatt-hours, million",4996
Argentina,2018,"Kilowatt-hours, million",1413
Argentina,2017,"Kilowatt-hours, million",612
Argentina,2016,"Kilowatt-hours, million",547
Argentina,2015,"Kilowatt-hours, million",599
Argentina,2014,"Kilowatt-hours, million",619
Argentina,2013,"Kilowatt-hours, million",461
Argentina,2012,"Kilowatt-hours, million",369
Argentina,2011,"Kilowatt-hours, million",26
Argentina,2010,"Kilowatt-hours, million",25
Argentina,2009,"Kilowatt-hours, million",36
Argentina,2008,"Kilowatt-hours, million",42
Argentina,2007,"Kilowatt-hours, million",61
Argentina,2006,"Kilowatt-hours, million",70
Argentina,2005,"Kilowatt-hours, million",75
Argentina,2004,"Kilowatt-hours, million",72
Argentina,2003,"Kilowatt-hours, million",78
Argentina,2002,"Kilowatt-hours, million",73
Argentina,2001,"Kilowatt-hours, million",49
Argentina,2000,"Kilowatt-hours, million",35
Argentina,1999,"Kilowatt-hours, million",35
Argentina,1998,"Kilowatt-hours, million",33
Argentina,1997,"Kilowatt-hours, million",15
Argentina,1996,"Kilowatt-hours, million",10
Armenia,2019,"Kilowatt-hours, million",3.23
Armenia,2018,"Kilowatt-hours, million",1.881
Armenia,2017,"Kilowatt-hours, million",2.1
Armenia,2016,"Kilowatt-hours, million",2
Armenia,2015,"Kilowatt-hours, million",3
Armenia,2014,"Kilowatt-hours, million",4
Armenia,2013,"Kilowatt-hours, million",4
Armenia,2012,"Kilowatt-hours, million",4
Armenia,2011,"Kilowatt-hours, million",6
Armenia,2010,"Kilowatt-hours, million",7
Armenia,2009,"Kilowatt-hours, million",4
Armenia,2008,"Kilowatt-hours, million",2
Aruba,2019,"Kilowatt-hours, million",164.9
Aruba,2018,"Kilowatt-hours, million",174.9
Aruba,2017,"Kilowatt-hours, million",143.8
Aruba,2016,"Kilowatt-hours, million",144.9
Aruba,2015,"Kilowatt-hours, million",138.4
Aruba,2014,"Kilowatt-hours, million",138.4
Aruba,2013,"Kilowatt-hours, million",138.4
Aruba,2012,"Kilowatt-hours, million",136.4
Aruba,2011,"Kilowatt-hours, million",112.6
Aruba,2010,"Kilowatt-hours, million",106.5
Australia,2019,"Kilowatt-hours, million",17712
Australia,2018,"Kilowatt-hours, million",15164
Australia,2017,"Kilowatt-hours, million",12597
Australia,2016,"Kilowatt-hours, million",12199
Australia,2015,"Kilowatt-hours, million",11467
Australia,2014,"Kilowatt-hours, million",10252
Australia,2013,"Kilowatt-hours, million",7960
Australia,2012,"Kilowatt-hours, million",6970
Australia,2011,"Kilowatt-hours, million",6085
Australia,2010,"Kilowatt-hours, million",5052
Australia,2009,"Kilowatt-hours, million",3824
Australia,2008,"Kilowatt-hours, million",3093
Australia,2007,"Kilowatt-hours, million",2611
Australia,2006,"Kilowatt-hours, million",1713
Australia,2005,"Kilowatt-hours, million",885
Australia,2004,"Kilowatt-hours, million",705
Australia,2003,"Kilowatt-hours, million",703
Australia,2002,"Kilowatt-hours, million",364
Australia,2001,"Kilowatt-hours, million",210
Australia,2000,"Kilowatt-hours, million",58
Australia,1999,"Kilowatt-hours, million",28
Australia,1998,"Kilowatt-hours, million",8
Australia,1997,"Kilowatt-hours, million",7
Australia,1996,"Kilowatt-hours, million",7
Australia,1995,"Kilowatt-hours, million",7
Australia,1994,"Kilowatt-hours, million",4
Austria,2019,"Kilowatt-hours, million",7477.363
Austria,2018,"Kilowatt-hours, million",6030.429
Austria,2017,"Kilowatt-hours, million",6571.511
Austria,2016,"Kilowatt-hours, million",5235
Austria,2015,"Kilowatt-hours, million",4840
Austria,2014,"Kilowatt-hours, million",3846
Austria,2013,"Kilowatt-hours, million",3152
Austria,2012,"Kilowatt-hours, million",2463
Austria,2011,"Kilowatt-hours, million",1936
Austria,2010,"Kilowatt-hours, million",2064
Austria,2009,"Kilowatt-hours, million",1954
Austria,2008,"Kilowatt-hours, million",2011
Austria,2007,"Kilowatt-hours, million",2037
Austria,2006,"Kilowatt-hours, million",1753
Austria,2005,"Kilowatt-hours, million",1331
Austria,2004,"Kilowatt-hours, million",934
Austria,2003,"Kilowatt-hours, million",372
Austria,2002,"Kilowatt-hours, million",140
Austria,2001,"Kilowatt-hours, million",105
Austria,2000,"Kilowatt-hours, million",67
Austria,1999,"Kilowatt-hours, million",51
Austria,1998,"Kilowatt-hours, million",45
Austria,1997,"Kilowatt-hours, million",20
Austria,1996,"Kilowatt-hours, million",5
Austria,1995,"Kilowatt-hours, million",1
Azerbaijan,2019,"Kilowatt-hours, million",105.401
Azerbaijan,2018,"Kilowatt-hours, million",82.7002
Azerbaijan,2017,"Kilowatt-hours, million",22.1
Azerbaijan,2016,"Kilowatt-hours, million",22.8
Azerbaijan,2015,"Kilowatt-hours, million",4.6
Azerbaijan,2014,"Kilowatt-hours, million",2
Azerbaijan,2013,"Kilowatt-hours, million",1
Azerbaijan,2009,"Kilowatt-hours, million",1
Azerbaijan,2008,"Kilowatt-hours, million",2
Bahrain,2019,"Kilowatt-hours, million",1
Bahrain,2018,"Kilowatt-hours, million",1
Bahrain,2017,"Kilowatt-hours, million",1
Bahrain,2016,"Kilowatt-hours, million",1
Bangladesh,2019,"Kilowatt-hours, million",6
Bangladesh,2018,"Kilowatt-hours, million",6
Bangladesh,2017,"Kilowatt-hours, million",6
Bangladesh,2016,"Kilowatt-hours, million",6
Bangladesh,2015,"Kilowatt-hours, million",6
Bangladesh,2014,"Kilowatt-hours, million",4
Bangladesh,2013,"Kilowatt-hours, million",4
Belarus,2019,"Kilowatt-hours, million",178
Belarus,2018,"Kilowatt-hours, million",99
Belarus,2017,"Kilowatt-hours, million",97
Belarus,2016,"Kilowatt-hours, million",75
Belarus,2015,"Kilowatt-hours, million",26
Belarus,2014,"Kilowatt-hours, million",11
Belarus,2013,"Kilowatt-hours, million",8
Belarus,2012,"Kilowatt-hours, million",6
Belarus,2011,"Kilowatt-hours, million",1
Belarus,2010,"Kilowatt-hours, million",1
Belarus,2009,"Kilowatt-hours, million",1
Belarus,2008,"Kilowatt-hours, million",1
Belarus,2007,"Kilowatt-hours, million",1
Belarus,2006,"Kilowatt-hours, million",1
Belarus,2005,"Kilowatt-hours, million",1
Belarus,2004,"Kilowatt-hours, million",1
Belarus,2003,"Kilowatt-hours, million",0
Belarus,2002,"Kilowatt-hours, million",0
Belarus,2001,"Kilowatt-hours, million",0
Belarus,2000,"Kilowatt-hours, million",0
Belarus,1999,"Kilowatt-hours, million",0
Belgium,2019,"Kilowatt-hours, million",9725.6
Belgium,2018,"Kilowatt-hours, million",7464.7
Belgium,2017,"Kilowatt-hours, million",6513.7
Belgium,2016,"Kilowatt-hours, million",5438
Belgium,2015,"Kilowatt-hours, million",5574
Belgium,2014,"Kilowatt-hours, million",4615
Belgium,2013,"Kilowatt-hours, million",3665
Belgium,2012,"Kilowatt-hours, million",2751
Belgium,2011,"Kilowatt-hours, million",2312
Belgium,2010,"Kilowatt-hours, million",1292
Belgium,2009,"Kilowatt-hours, million",996
Belgium,2008,"Kilowatt-hours, million",637
Belgium,2007,"Kilowatt-hours, million",491
Belgium,2006,"Kilowatt-hours, million",366
Belgium,2005,"Kilowatt-hours, million",227
Belgium,2004,"Kilowatt-hours, million",142
Belgium,2003,"Kilowatt-hours, million",88
Belgium,2002,"Kilowatt-hours, million",57
Belgium,2001,"Kilowatt-hours, million",37
Belgium,2000,"Kilowatt-hours, million",16
Belgium,1999,"Kilowatt-hours, million",13
Belgium,1998,"Kilowatt-hours, million",11
Belgium,1997,"Kilowatt-hours, million",8
Belgium,1996,"Kilowatt-hours, million",8
Belgium,1995,"Kilowatt-hours, million",9
Belgium,1994,"Kilowatt-hours, million",9
Belgium,1993,"Kilowatt-hours, million",8
Belgium,1992,"Kilowatt-hours, million",9
Belgium,1991,"Kilowatt-hours, million",8
Belgium,1990,"Kilowatt-hours, million",7
Bhutan,2019,"Kilowatt-hours, million",1.13
Bhutan,2018,"Kilowatt-hours, million",1.13
Bhutan,2017,"Kilowatt-hours, million",1.11
Bhutan,2016,"Kilowatt-hours, million",0.71
Bolivia,2019,"Kilowatt-hours, million",70.2
Bolivia,2018,"Kilowatt-hours, million",58.84
Bolivia,2017,"Kilowatt-hours, million",60.4
Bolivia,2016,"Kilowatt-hours, million",35
Bolivia,2015,"Kilowatt-hours, million",12
Bolivia,2014,"Kilowatt-hours, million",8
Bolivia,2013,"Kilowatt-hours, million",1
"Bonaire, St Eustatius, Saba",2019,"Kilowatt-hours, million",32.5
"Bonaire, St Eustatius, Saba",2018,"Kilowatt-hours, million",37.1
"Bonaire, St Eustatius, Saba",2017,"Kilowatt-hours, million",31.5
"Bonaire, St Eustatius, Saba",2016,"Kilowatt-hours, million",35.1
"Bonaire, St Eustatius, Saba",2015,"Kilowatt-hours, million",40.1
"Bonaire, St Eustatius, Saba",2014,"Kilowatt-hours, million",41.2
"Bonaire, St Eustatius, Saba",2013,"Kilowatt-hours, million",36.7
"Bonaire, St Eustatius, Saba",2012,"Kilowatt-hours, million",32.5
Bosnia and Herzegovina,2019,"Kilowatt-hours, million",254
Bosnia and Herzegovina,2018,"Kilowatt-hours, million",103
Brazil,2020,"Kilowatt-hours, million",57050
Brazil,2019,"Kilowatt-hours, million",55986
Brazil,2018,"Kilowatt-hours, million",48475
Brazil,2017,"Kilowatt-hours, million",42373
Brazil,2016,"Kilowatt-hours, million",33488
Brazil,2015,"Kilowatt-hours, million",21626
Brazil,2014,"Kilowatt-hours, million",12211
Brazil,2013,"Kilowatt-hours, million",6579
Brazil,2012,"Kilowatt-hours, million",5050
Brazil,2011,"Kilowatt-hours, million",2705
Brazil,2010,"Kilowatt-hours, million",2177
Brazil,2009,"Kilowatt-hours, million",1238
Brazil,2008,"Kilowatt-hours, million",837
Brazil,2007,"Kilowatt-hours, million",645
British Virgin Islands,2020,"Kilowatt-hours, million",1.25
British Virgin Islands,2019,"Kilowatt-hours, million",0.7
British Virgin Islands,2018,"Kilowatt-hours, million",0.6
British Virgin Islands,2017,"Kilowatt-hours, million",0.7
British Virgin Islands,2016,"Kilowatt-hours, million",1.05
British Virgin Islands,2015,"Kilowatt-hours, million",1.05
British Virgin Islands,2014,"Kilowatt-hours, million",1.05
British Virgin Islands,2013,"Kilowatt-hours, million",1.05
British Virgin Islands,2012,"Kilowatt-hours, million",1.05
British Virgin Islands,2011,"Kilowatt-hours, million",1.05
Bulgaria,2019,"Kilowatt-hours, million",1316.988
Bulgaria,2018,"Kilowatt-hours, million",1318.123
Bulgaria,2017,"Kilowatt-hours, million",1504.064
Bulgaria,2016,"Kilowatt-hours, million",1425
Bulgaria,2015,"Kilowatt-hours, million",1452
Bulgaria,2014,"Kilowatt-hours, million",1331
Bulgaria,2013,"Kilowatt-hours, million",1374
Bulgaria,2012,"Kilowatt-hours, million",1221
Bulgaria,2011,"Kilowatt-hours, million",861
Bulgaria,2010,"Kilowatt-hours, million",681
Bulgaria,2009,"Kilowatt-hours, million",237
Bulgaria,2008,"Kilowatt-hours, million",122
Bulgaria,2007,"Kilowatt-hours, million",47
Bulgaria,2006,"Kilowatt-hours, million",20
Bulgaria,2005,"Kilowatt-hours, million",5
Bulgaria,2004,"Kilowatt-hours, million",1
Cabo Verde,2019,"Kilowatt-hours, million",85.14
Cabo Verde,2018,"Kilowatt-hours, million",93
Cabo Verde,2017,"Kilowatt-hours, million",76.2
Cabo Verde,2016,"Kilowatt-hours, million",76.9
Cabo Verde,2015,"Kilowatt-hours, million",78.4
Cabo Verde,2014,"Kilowatt-hours, million",65.67
Cabo Verde,2013,"Kilowatt-hours, million",75.82
Cabo Verde,2012,"Kilowatt-hours, million",61.4
Cabo Verde,2011,"Kilowatt-hours, million",15.61
Cabo Verde,2010,"Kilowatt-hours, million",1.99
Cabo Verde,2009,"Kilowatt-hours, million",4.66
Cabo Verde,2008,"Kilowatt-hours, million",5.51
Cabo Verde,2007,"Kilowatt-hours, million",6.87
Cabo Verde,2006,"Kilowatt-hours, million",7.44
Cabo Verde,2005,"Kilowatt-hours, million",6.45
Cabo Verde,2004,"Kilowatt-hours, million",6.43
Cabo Verde,2003,"Kilowatt-hours, million",5.37
Cabo Verde,2002,"Kilowatt-hours, million",5.66
Cabo Verde,2001,"Kilowatt-hours, million",6.43
Cabo Verde,2000,"Kilowatt-hours, million",7.9
Cabo Verde,1999,"Kilowatt-hours, million",7.8
Cabo Verde,1998,"Kilowatt-hours, million",7.6
Cabo Verde,1997,"Kilowatt-hours, million",7.2
Cabo Verde,1996,"Kilowatt-hours, million",7.1
Cabo Verde,1995,"Kilowatt-hours, million",6.3
Cabo Verde,1994,"Kilowatt-hours, million",5.4
Cabo Verde,1993,"Kilowatt-hours, million",2
Canada,2019,"Kilowatt-hours, million",32657
Canada,2018,"Kilowatt-hours, million",33183
Canada,2017,"Kilowatt-hours, million",31511
Canada,2016,"Kilowatt-hours, million",30930
Canada,2015,"Kilowatt-hours, million",26964
Canada,2014,"Kilowatt-hours, million",22538
Canada,2013,"Kilowatt-hours, million",18092
Canada,2012,"Kilowatt-hours, million",11310
Canada,2011,"Kilowatt-hours, million",10187
Canada,2010,"Kilowatt-hours, million",8724
Canada,2009,"Kilowatt-hours, million",6641
Canada,2008,"Kilowatt-hours, million",3788
Canada,2007,"Kilowatt-hours, million",3007
Canada,2006,"Kilowatt-hours, million",2473
Canada,2005,"Kilowatt-hours, million",1567
Canada,2004,"Kilowatt-hours, million",954
Canada,2003,"Kilowatt-hours, million",826
Canada,2002,"Kilowatt-hours, million",408
Canada,2001,"Kilowatt-hours, million",337
Canada,2000,"Kilowatt-hours, million",264
Canada,1999,"Kilowatt-hours, million",164
Canada,1998,"Kilowatt-hours, million",62
Canada,1997,"Kilowatt-hours, million",62
Canada,1996,"Kilowatt-hours, million",62
Canada,1995,"Kilowatt-hours, million",59
Canada,1994,"Kilowatt-hours, million",59
Canada,1993,"Kilowatt-hours, million",59
Canada,1992,"Kilowatt-hours, million",59
Chile,2019,"Kilowatt-hours, million",4896.804
Chile,2018,"Kilowatt-hours, million",3587.895
Chile,2017,"Kilowatt-hours, million",3520.972
Chile,2016,"Kilowatt-hours, million",2449
Chile,2015,"Kilowatt-hours, million",2115
Chile,2014,"Kilowatt-hours, million",1443
Chile,2013,"Kilowatt-hours, million",554
Chile,2012,"Kilowatt-hours, million",409
Chile,2011,"Kilowatt-hours, million",338
Chile,2010,"Kilowatt-hours, million",332
Chile,2009,"Kilowatt-hours, million",79
Chile,2008,"Kilowatt-hours, million",38
Chile,2007,"Kilowatt-hours, million",9
Chile,2006,"Kilowatt-hours, million",7
Chile,2005,"Kilowatt-hours, million",7
Chile,2004,"Kilowatt-hours, million",7
Chile,2003,"Kilowatt-hours, million",7
Chile,2002,"Kilowatt-hours, million",7
Chile,2001,"Kilowatt-hours, million",7
China,2019,"Kilowatt-hours, million",406030
China,2018,"Kilowatt-hours, million",365971
China,2017,"Kilowatt-hours, million",297230
China,2016,"Kilowatt-hours, million",237070
China,2015,"Kilowatt-hours, million",185766
China,2014,"Kilowatt-hours, million",159979
China,2013,"Kilowatt-hours, million",141197
China,2012,"Kilowatt-hours, million",95978
China,2011,"Kilowatt-hours, million",70331
China,2010,"Kilowatt-hours, million",44622
China,2009,"Kilowatt-hours, million",26900
Colombia,2019,"Kilowatt-hours, million",63.324
Colombia,2018,"Kilowatt-hours, million",43.437
Colombia,2017,"Kilowatt-hours, million",3.071
Colombia,2016,"Kilowatt-hours, million",50.887
Colombia,2015,"Kilowatt-hours, million",68.377
Colombia,2014,"Kilowatt-hours, million",70.23
Colombia,2013,"Kilowatt-hours, million",58
Colombia,2012,"Kilowatt-hours, million",55
Colombia,2011,"Kilowatt-hours, million",41
Colombia,2010,"Kilowatt-hours, million",38
Colombia,2009,"Kilowatt-hours, million",58
Colombia,2008,"Kilowatt-hours, million",0
Colombia,2007,"Kilowatt-hours, million",49
Colombia,2006,"Kilowatt-hours, million",63
Colombia,2005,"Kilowatt-hours, million",49.48
Colombia,2004,"Kilowatt-hours, million",52
Colombia,2003,"Kilowatt-hours, million",0
Colombia,2002,"Kilowatt-hours, million",0
Costa Rica,2020,"Kilowatt-hours, million",1459.4421
Costa Rica,2019,"Kilowatt-hours, million",1796.344
Costa Rica,2018,"Kilowatt-hours, million",1798.875
Costa Rica,2017,"Kilowatt-hours, million",1287.679
Costa Rica,2016,"Kilowatt-hours, million",1147.291
Costa Rica,2015,"Kilowatt-hours, million",1079.508056
Costa Rica,2014,"Kilowatt-hours, million",734.7533329
Costa Rica,2013,"Kilowatt-hours, million",484.5688888
Costa Rica,2012,"Kilowatt-hours, million",528.382222
Costa Rica,2011,"Kilowatt-hours, million",414.473888
Costa Rica,2010,"Kilowatt-hours, million",358.675
Costa Rica,2009,"Kilowatt-hours, million",326.183333
Costa Rica,2008,"Kilowatt-hours, million",198.175
Costa Rica,2007,"Kilowatt-hours, million",241.061111
Costa Rica,2006,"Kilowatt-hours, million",273.497222
Costa Rica,2005,"Kilowatt-hours, million",203.611111
Costa Rica,2004,"Kilowatt-hours, million",257
Costa Rica,2003,"Kilowatt-hours, million",306
Costa Rica,2002,"Kilowatt-hours, million",259
Costa Rica,2001,"Kilowatt-hours, million",185
Costa Rica,2000,"Kilowatt-hours, million",183
Costa Rica,1999,"Kilowatt-hours, million",101
Costa Rica,1998,"Kilowatt-hours, million",89
Costa Rica,1997,"Kilowatt-hours, million",0
Costa Rica,1996,"Kilowatt-hours, million",0
Costa Rica,1995,"Kilowatt-hours, million",0
Croatia,2019,"Kilowatt-hours, million",1467.3
Croatia,2018,"Kilowatt-hours, million",1335.4
Croatia,2017,"Kilowatt-hours, million",1204
Croatia,2016,"Kilowatt-hours, million",1014
Croatia,2015,"Kilowatt-hours, million",796
Croatia,2014,"Kilowatt-hours, million",730
Croatia,2013,"Kilowatt-hours, million",517
Croatia,2012,"Kilowatt-hours, million",329
Croatia,2011,"Kilowatt-hours, million",201
Croatia,2010,"Kilowatt-hours, million",139
Croatia,2009,"Kilowatt-hours, million",54
Croatia,2008,"Kilowatt-hours, million",40
Croatia,2007,"Kilowatt-hours, million",35
Croatia,2006,"Kilowatt-hours, million",19
Croatia,2005,"Kilowatt-hours, million",10
Croatia,2004,"Kilowatt-hours, million",2
Croatia,2003,"Kilowatt-hours, million",0
Croatia,2002,"Kilowatt-hours, million",0
Croatia,2001,"Kilowatt-hours, million",0
Croatia,2000,"Kilowatt-hours, million",0
Cuba,2019,"Kilowatt-hours, million",65
Cuba,2018,"Kilowatt-hours, million",43.5
Cuba,2017,"Kilowatt-hours, million",21.1
Cuba,2016,"Kilowatt-hours, million",21
Cuba,2015,"Kilowatt-hours, million",21
Cuba,2014,"Kilowatt-hours, million",19.1
Cuba,2013,"Kilowatt-hours, million",22.6
Cuba,2012,"Kilowatt-hours, million",20.7
Cuba,2011,"Kilowatt-hours, million",17.8
Cuba,2010,"Kilowatt-hours, million",11.7
Curacao,2019,"Kilowatt-hours, million",208
Curacao,2018,"Kilowatt-hours, million",233.761
Curacao,2017,"Kilowatt-hours, million",169.089
Curacao,2016,"Kilowatt-hours, million",130
Curacao,2015,"Kilowatt-hours, million",124
Curacao,2014,"Kilowatt-hours, million",133
Curacao,2013,"Kilowatt-hours, million",120
Curacao,2012,"Kilowatt-hours, million",63
Cyprus,2019,"Kilowatt-hours, million",238.565
Cyprus,2018,"Kilowatt-hours, million",221.04
Cyprus,2017,"Kilowatt-hours, million",211.448
Cyprus,2016,"Kilowatt-hours, million",226
Cyprus,2015,"Kilowatt-hours, million",221
Cyprus,2014,"Kilowatt-hours, million",182
Cyprus,2013,"Kilowatt-hours, million",231
Cyprus,2012,"Kilowatt-hours, million",185
Cyprus,2011,"Kilowatt-hours, million",114
Cyprus,2010,"Kilowatt-hours, million",31
Cyprus,2009,"Kilowatt-hours, million",0
Cyprus,2008,"Kilowatt-hours, million",0
Cyprus,2007,"Kilowatt-hours, million",0
Cyprus,2006,"Kilowatt-hours, million",0
Cyprus,2005,"Kilowatt-hours, million",0
Czechia,2019,"Kilowatt-hours, million",700.014
Czechia,2018,"Kilowatt-hours, million",609.33
Czechia,2017,"Kilowatt-hours, million",591.038
Czechia,2016,"Kilowatt-hours, million",497
Czechia,2015,"Kilowatt-hours, million",573
Czechia,2014,"Kilowatt-hours, million",477
Czechia,2013,"Kilowatt-hours, million",481
Czechia,2012,"Kilowatt-hours, million",416
Czechia,2011,"Kilowatt-hours, million",397
Czechia,2010,"Kilowatt-hours, million",335
Czechia,2009,"Kilowatt-hours, million",288
Czechia,2008,"Kilowatt-hours, million",245
Czechia,2007,"Kilowatt-hours, million",125
Czechia,2006,"Kilowatt-hours, million",49
Czechia,2005,"Kilowatt-hours, million",21
Czechia,2004,"Kilowatt-hours, million",10
Czechia,2003,"Kilowatt-hours, million",5
Czechia,2002,"Kilowatt-hours, million",2
Czechia,2000,"Kilowatt-hours, million",1
Denmark,2019,"Kilowatt-hours, million",16149.833
Denmark,2018,"Kilowatt-hours, million",13901.955
Denmark,2017,"Kilowatt-hours, million",14780
Denmark,2016,"Kilowatt-hours, million",12782
Denmark,2015,"Kilowatt-hours, million",14133
Denmark,2014,"Kilowatt-hours, million",13079
Denmark,2013,"Kilowatt-hours, million",11123
Denmark,2012,"Kilowatt-hours, million",10270
Denmark,2011,"Kilowatt-hours, million",9774
Denmark,2010,"Kilowatt-hours, million",7809
Denmark,2009,"Kilowatt-hours, million",6721
Denmark,2008,"Kilowatt-hours, million",6928
Denmark,2007,"Kilowatt-hours, million",7171
Denmark,2006,"Kilowatt-hours, million",6108
Denmark,2005,"Kilowatt-hours, million",6614
Denmark,2004,"Kilowatt-hours, million",6583
Denmark,2003,"Kilowatt-hours, million",5561
Denmark,2002,"Kilowatt-hours, million",4877
Denmark,2001,"Kilowatt-hours, million",4306
Denmark,2000,"Kilowatt-hours, million",4241
Denmark,1999,"Kilowatt-hours, million",3029
Denmark,1998,"Kilowatt-hours, million",2820
Denmark,1997,"Kilowatt-hours, million",1934
Denmark,1996,"Kilowatt-hours, million",1227
Denmark,1995,"Kilowatt-hours, million",1177
Denmark,1994,"Kilowatt-hours, million",1137
Denmark,1993,"Kilowatt-hours, million",1034
Denmark,1992,"Kilowatt-hours, million",915
Denmark,1991,"Kilowatt-hours, million",740
Denmark,1990,"Kilowatt-hours, million",610
Dominica,2019,"Kilowatt-hours, million",0.595
Dominica,2018,"Kilowatt-hours, million",0.595
Dominica,2017,"Kilowatt-hours, million",0.595
Dominica,2016,"Kilowatt-hours, million",0.595
Dominica,2015,"Kilowatt-hours, million",0.595
Dominica,2014,"Kilowatt-hours, million",0.595
Dominica,2013,"Kilowatt-hours, million",0.595
Dominica,2012,"Kilowatt-hours, million",0.595
Dominica,2011,"Kilowatt-hours, million",0.595
Dominica,2010,"Kilowatt-hours, million",0.595
Dominica,2009,"Kilowatt-hours, million",0.595
Dominica,2008,"Kilowatt-hours, million",0.595
Dominican Republic,2019,"Kilowatt-hours, million",551.661
Dominican Republic,2018,"Kilowatt-hours, million",497.48
Dominican Republic,2017,"Kilowatt-hours, million",390.4
Dominican Republic,2016,"Kilowatt-hours, million",322.8
Dominican Republic,2015,"Kilowatt-hours, million",290
Dominican Republic,2014,"Kilowatt-hours, million",243.2
Dominican Republic,2013,"Kilowatt-hours, million",243
Dominican Republic,2012,"Kilowatt-hours, million",95.8
Dominican Republic,2011,"Kilowatt-hours, million",13.99
Dominican Republic,2010,"Kilowatt-hours, million",0
Dominican Republic,2009,"Kilowatt-hours, million",0
Dominican Republic,2008,"Kilowatt-hours, million",0
Ecuador,2020,"Kilowatt-hours, million",77.1
Ecuador,2019,"Kilowatt-hours, million",85.53
Ecuador,2018,"Kilowatt-hours, million",80.26
Ecuador,2017,"Kilowatt-hours, million",73.4
Ecuador,2016,"Kilowatt-hours, million",84
Ecuador,2015,"Kilowatt-hours, million",98.8
Ecuador,2014,"Kilowatt-hours, million",79.7
Ecuador,2013,"Kilowatt-hours, million",56.7
Ecuador,2012,"Kilowatt-hours, million",2.4
Ecuador,2011,"Kilowatt-hours, million",3.34
Ecuador,2010,"Kilowatt-hours, million",3.43
Ecuador,2009,"Kilowatt-hours, million",3.2
Ecuador,2008,"Kilowatt-hours, million",2.68
Ecuador,2007,"Kilowatt-hours, million",0.96
Egypt,2019,"Kilowatt-hours, million",3688.667
Egypt,2018,"Kilowatt-hours, million",2234
Egypt,2017,"Kilowatt-hours, million",2200
Egypt,2016,"Kilowatt-hours, million",2058
Egypt,2015,"Kilowatt-hours, million",1345
Egypt,2014,"Kilowatt-hours, million",1444
Egypt,2013,"Kilowatt-hours, million",1332
Egypt,2012,"Kilowatt-hours, million",1260
Egypt,2011,"Kilowatt-hours, million",1525
Egypt,2010,"Kilowatt-hours, million",1498
Egypt,2009,"Kilowatt-hours, million",1133
Egypt,2008,"Kilowatt-hours, million",931
Egypt,2007,"Kilowatt-hours, million",831
Egypt,2006,"Kilowatt-hours, million",616
Egypt,2005,"Kilowatt-hours, million",552
Egypt,2004,"Kilowatt-hours, million",523
Egypt,2003,"Kilowatt-hours, million",368
Egypt,2002,"Kilowatt-hours, million",213
Egypt,2001,"Kilowatt-hours, million",179
Egypt,2000,"Kilowatt-hours, million",81
Egypt,1999,"Kilowatt-hours, million",0
El Salvador,2020,"Kilowatt-hours, million",14.12
Eritrea,2019,"Kilowatt-hours, million",1.995
Eritrea,2018,"Kilowatt-hours, million",1.995
Eritrea,2017,"Kilowatt-hours, million",1.995
Eritrea,2016,"Kilowatt-hours, million",2
Eritrea,2015,"Kilowatt-hours, million",2
Eritrea,2014,"Kilowatt-hours, million",2
Eritrea,2013,"Kilowatt-hours, million",2
Eritrea,2012,"Kilowatt-hours, million",2
Eritrea,2011,"Kilowatt-hours, million",2
Eritrea,2010,"Kilowatt-hours, million",2
Eritrea,2009,"Kilowatt-hours, million",2
Eritrea,2008,"Kilowatt-hours, million",2
Estonia,2019,"Kilowatt-hours, million",687
Estonia,2018,"Kilowatt-hours, million",636
Estonia,2017,"Kilowatt-hours, million",723
Estonia,2016,"Kilowatt-hours, million",594
Estonia,2015,"Kilowatt-hours, million",715
Estonia,2014,"Kilowatt-hours, million",604
Estonia,2013,"Kilowatt-hours, million",529
Estonia,2012,"Kilowatt-hours, million",434
Estonia,2011,"Kilowatt-hours, million",368
Estonia,2010,"Kilowatt-hours, million",277
Estonia,2009,"Kilowatt-hours, million",195
Estonia,2008,"Kilowatt-hours, million",133
Estonia,2007,"Kilowatt-hours, million",91
Estonia,2006,"Kilowatt-hours, million",76
Estonia,2005,"Kilowatt-hours, million",54
Estonia,2004,"Kilowatt-hours, million",8
Estonia,2003,"Kilowatt-hours, million",6
Estonia,2002,"Kilowatt-hours, million",1
Ethiopia,2019,"Kilowatt-hours, million",532.513
Ethiopia,2018,"Kilowatt-hours, million",533
Ethiopia,2017,"Kilowatt-hours, million",533
Ethiopia,2016,"Kilowatt-hours, million",782
Ethiopia,2015,"Kilowatt-hours, million",759
Ethiopia,2014,"Kilowatt-hours, million",499
Ethiopia,2013,"Kilowatt-hours, million",356
Ethiopia,2012,"Kilowatt-hours, million",192
Ethiopia,2011,"Kilowatt-hours, million",29
Faeroe Islands,2020,"Kilowatt-hours, million",47.1
Faeroe Islands,2019,"Kilowatt-hours, million",52.6
Faeroe Islands,2018,"Kilowatt-hours, million",63.8
Faeroe Islands,2017,"Kilowatt-hours, million",59.7
Faeroe Islands,2016,"Kilowatt-hours, million",52.102
Faeroe Islands,2015,"Kilowatt-hours, million",55.789
Faeroe Islands,2014,"Kilowatt-hours, million",34.488
Faeroe Islands,2013,"Kilowatt-hours, million",21.845
Faeroe Islands,2012,"Kilowatt-hours, million",10.787
Faeroe Islands,2011,"Kilowatt-hours, million",14.526
Faeroe Islands,2010,"Kilowatt-hours, million",13.584
Faeroe Islands,2009,"Kilowatt-hours, million",15.005
Faeroe Islands,2008,"Kilowatt-hours, million",12.969
Faeroe Islands,2007,"Kilowatt-hours, million",15.759
Faeroe Islands,2006,"Kilowatt-hours, million",15
Faeroe Islands,2005,"Kilowatt-hours, million",10
Faeroe Islands,2004,"Kilowatt-hours, million",8
Faeroe Islands,2003,"Kilowatt-hours, million",3
Faeroe Islands,2002,"Kilowatt-hours, million",1
Faeroe Islands,2001,"Kilowatt-hours, million",1
Faeroe Islands,2000,"Kilowatt-hours, million",1
Faeroe Islands,1999,"Kilowatt-hours, million",1
Faeroe Islands,1998,"Kilowatt-hours, million",1
Faeroe Islands,1997,"Kilowatt-hours, million",1
Faeroe Islands,1996,"Kilowatt-hours, million",1
Faeroe Islands,1995,"Kilowatt-hours, million",1
Faeroe Islands,1994,"Kilowatt-hours, million",1
Faeroe Islands,1993,"Kilowatt-hours, million",0.423
Falkland Islands,2020,"Kilowatt-hours, million",5.148
Falkland Islands,2019,"Kilowatt-hours, million",5.32
Falkland Islands,2018,"Kilowatt-hours, million",5.4122
Falkland Islands,2017,"Kilowatt-hours, million",5.1682
Falkland Islands,2016,"Kilowatt-hours, million",6.02246
Falkland Islands,2015,"Kilowatt-hours, million",5.122107
Falkland Islands,2014,"Kilowatt-hours, million",5.0872
Falkland Islands,2013,"Kilowatt-hours, million",5.125761
Falkland Islands,2012,"Kilowatt-hours, million",7
Falkland Islands,2011,"Kilowatt-hours, million",6
Falkland Islands,2010,"Kilowatt-hours, million",5
Falkland Islands,2009,"Kilowatt-hours, million",5
Falkland Islands,2008,"Kilowatt-hours, million",0.3
Falkland Islands,2007,"Kilowatt-hours, million",0.3
Falkland Islands,2006,"Kilowatt-hours, million",0.3
Falkland Islands,2005,"Kilowatt-hours, million",0.25
Falkland Islands,2004,"Kilowatt-hours, million",0.25
Falkland Islands,2003,"Kilowatt-hours, million",0.25
Falkland Islands,2002,"Kilowatt-hours, million",0.2
Falkland Islands,2001,"Kilowatt-hours, million",0.2
Falkland Islands,2000,"Kilowatt-hours, million",0.2
Fiji,2020,"Kilowatt-hours, million",1.136
Fiji,2019,"Kilowatt-hours, million",3.419
Fiji,2018,"Kilowatt-hours, million",2.558
Fiji,2017,"Kilowatt-hours, million",2.083
Fiji,2016,"Kilowatt-hours, million",3.632
Fiji,2015,"Kilowatt-hours, million",5.674
Fiji,2014,"Kilowatt-hours, million",4.3
Fiji,2013,"Kilowatt-hours, million",5.348
Fiji,2012,"Kilowatt-hours, million",6.809
Fiji,2011,"Kilowatt-hours, million",4.977
Fiji,2010,"Kilowatt-hours, million",6.42
Fiji,2009,"Kilowatt-hours, million",7.211
Fiji,2008,"Kilowatt-hours, million",4.604
Fiji,2007,"Kilowatt-hours, million",3.35
Finland,2019,"Kilowatt-hours, million",6025
Finland,2018,"Kilowatt-hours, million",5839
Finland,2017,"Kilowatt-hours, million",4795
Finland,2016,"Kilowatt-hours, million",3068
Finland,2015,"Kilowatt-hours, million",2327
Finland,2014,"Kilowatt-hours, million",1107
Finland,2013,"Kilowatt-hours, million",774
Finland,2012,"Kilowatt-hours, million",494
Finland,2011,"Kilowatt-hours, million",481
Finland,2010,"Kilowatt-hours, million",294
Finland,2009,"Kilowatt-hours, million",277
Finland,2008,"Kilowatt-hours, million",261
Finland,2007,"Kilowatt-hours, million",188
Finland,2006,"Kilowatt-hours, million",156
Finland,2005,"Kilowatt-hours, million",170
Finland,2004,"Kilowatt-hours, million",120
Finland,2003,"Kilowatt-hours, million",93
Finland,2002,"Kilowatt-hours, million",64
Finland,2001,"Kilowatt-hours, million",70
Finland,2000,"Kilowatt-hours, million",78
Finland,1999,"Kilowatt-hours, million",49
Finland,1998,"Kilowatt-hours, million",23
Finland,1997,"Kilowatt-hours, million",17
Finland,1996,"Kilowatt-hours, million",11
Finland,1995,"Kilowatt-hours, million",11
Finland,1994,"Kilowatt-hours, million",7
Finland,1993,"Kilowatt-hours, million",4
Finland,1992,"Kilowatt-hours, million",2
France,2019,"Kilowatt-hours, million",34721.684
France,2018,"Kilowatt-hours, million",28598.595
France,2017,"Kilowatt-hours, million",24609.437
France,2016,"Kilowatt-hours, million",21381
France,2015,"Kilowatt-hours, million",21420
France,2014,"Kilowatt-hours, million",17324
France,2013,"Kilowatt-hours, million",16127
France,2012,"Kilowatt-hours, million",15178
France,2011,"Kilowatt-hours, million",12372
France,2010,"Kilowatt-hours, million",9945
France,2009,"Kilowatt-hours, million",7912
France,2008,"Kilowatt-hours, million",5694
France,2007,"Kilowatt-hours, million",4070
France,2006,"Kilowatt-hours, million",2182
France,2005,"Kilowatt-hours, million",962
France,2004,"Kilowatt-hours, million",595
France,2003,"Kilowatt-hours, million",388
France,2002,"Kilowatt-hours, million",265
France,2001,"Kilowatt-hours, million",131
France,2000,"Kilowatt-hours, million",48
France,1999,"Kilowatt-hours, million",37
France,1998,"Kilowatt-hours, million",19
France,1997,"Kilowatt-hours, million",11
France,1996,"Kilowatt-hours, million",7
France,1995,"Kilowatt-hours, million",5
France,1994,"Kilowatt-hours, million",5
France,1993,"Kilowatt-hours, million",2
French Polynesia,2019,"Kilowatt-hours, million",0.12
French Polynesia,2018,"Kilowatt-hours, million",0.08
French Polynesia,2017,"Kilowatt-hours, million",0.078
French Polynesia,2016,"Kilowatt-hours, million",0.078
French Polynesia,2015,"Kilowatt-hours, million",0.078
French Polynesia,2014,"Kilowatt-hours, million",0.077
French Polynesia,2013,"Kilowatt-hours, million",0.092
French Polynesia,2012,"Kilowatt-hours, million",0.093
French Polynesia,2011,"Kilowatt-hours, million",0.113
French Polynesia,2010,"Kilowatt-hours, million",0.266
French Polynesia,2009,"Kilowatt-hours, million",0.437
French Polynesia,2008,"Kilowatt-hours, million",0.492
Gambia,2019,"Kilowatt-hours, million",0.1
Gambia,2018,"Kilowatt-hours, million",0.1
Gambia,2017,"Kilowatt-hours, million",0.1
Gambia,2016,"Kilowatt-hours, million",0.1
Gambia,2015,"Kilowatt-hours, million",0.1
Gambia,2014,"Kilowatt-hours, million",0.1
Gambia,2013,"Kilowatt-hours, million",0.1
Gambia,2012,"Kilowatt-hours, million",0.1
Gambia,2011,"Kilowatt-hours, million",0.6
Gambia,2010,"Kilowatt-hours, million",0.3
Gambia,2009,"Kilowatt-hours, million",0.1
Georgia,2020,"Kilowatt-hours, million",90.8
Georgia,2019,"Kilowatt-hours, million",84.7
Georgia,2018,"Kilowatt-hours, million",84.3
Georgia,2017,"Kilowatt-hours, million",87.8
Georgia,2016,"Kilowatt-hours, million",9
Germany,2019,"Kilowatt-hours, million",125894
Germany,2018,"Kilowatt-hours, million",109951
Germany,2017,"Kilowatt-hours, million",105693
Germany,2016,"Kilowatt-hours, million",79924
Germany,2015,"Kilowatt-hours, million",80624
Germany,2014,"Kilowatt-hours, million",58497
Germany,2013,"Kilowatt-hours, million",52737
Germany,2012,"Kilowatt-hours, million",51680
Germany,2011,"Kilowatt-hours, million",49858
Germany,2010,"Kilowatt-hours, million",38547
Germany,2009,"Kilowatt-hours, million",38647
Germany,2008,"Kilowatt-hours, million",40574
Germany,2007,"Kilowatt-hours, million",39713
Germany,2006,"Kilowatt-hours, million",30710
Germany,2005,"Kilowatt-hours, million",27229
Germany,2004,"Kilowatt-hours, million",25509
Germany,2003,"Kilowatt-hours, million",18713
Germany,2002,"Kilowatt-hours, million",15856
Germany,2001,"Kilowatt-hours, million",10456
Germany,2000,"Kilowatt-hours, million",9352
Germany,1999,"Kilowatt-hours, million",5528
Germany,1998,"Kilowatt-hours, million",4593
Germany,1997,"Kilowatt-hours, million",3034
Germany,1996,"Kilowatt-hours, million",2078
Germany,1995,"Kilowatt-hours, million",1712
Germany,1994,"Kilowatt-hours, million",1428
Germany,1993,"Kilowatt-hours, million",674
Germany,1992,"Kilowatt-hours, million",291
Germany,1991,"Kilowatt-hours, million",215
"Germany, Fed. R. (former)",1990,"Kilowatt-hours, million",43
Greece,2019,"Kilowatt-hours, million",7266.347
Greece,2018,"Kilowatt-hours, million",6300.259
Greece,2017,"Kilowatt-hours, million",5536.987
Greece,2016,"Kilowatt-hours, million",5146
Greece,2015,"Kilowatt-hours, million",4621
Greece,2014,"Kilowatt-hours, million",3689
Greece,2013,"Kilowatt-hours, million",4139
Greece,2012,"Kilowatt-hours, million",3850
Greece,2011,"Kilowatt-hours, million",3315
Greece,2010,"Kilowatt-hours, million",2714
Greece,2009,"Kilowatt-hours, million",2543
Greece,2008,"Kilowatt-hours, million",2242
Greece,2007,"Kilowatt-hours, million",1818
Greece,2006,"Kilowatt-hours, million",1699
Greece,2005,"Kilowatt-hours, million",1266
Greece,2004,"Kilowatt-hours, million",1121
Greece,2003,"Kilowatt-hours, million",1021
Greece,2002,"Kilowatt-hours, million",651
Greece,2001,"Kilowatt-hours, million",756
Greece,2000,"Kilowatt-hours, million",451
Greece,1999,"Kilowatt-hours, million",162
Greece,1998,"Kilowatt-hours, million",70
Greece,1997,"Kilowatt-hours, million",36
Greece,1996,"Kilowatt-hours, million",38
Greece,1995,"Kilowatt-hours, million",34
Greece,1994,"Kilowatt-hours, million",37
Greece,1993,"Kilowatt-hours, million",47
Greece,1992,"Kilowatt-hours, million",8
Greece,1991,"Kilowatt-hours, million",2
Greece,1990,"Kilowatt-hours, million",2
Guadeloupe,2016,"Kilowatt-hours, million",53.3
Guadeloupe,2015,"Kilowatt-hours, million",51.9
Guadeloupe,2014,"Kilowatt-hours, million",54.4
Guadeloupe,2013,"Kilowatt-hours, million",56.8
Guadeloupe,2012,"Kilowatt-hours, million",51
Guadeloupe,2011,"Kilowatt-hours, million",45.1
Guadeloupe,2010,"Kilowatt-hours, million",41
Guadeloupe,2009,"Kilowatt-hours, million",51.1
Guadeloupe,2008,"Kilowatt-hours, million",48.7
Guadeloupe,2007,"Kilowatt-hours, million",44
Guadeloupe,2006,"Kilowatt-hours, million",34.9
Guadeloupe,2005,"Kilowatt-hours, million",24.6
Guadeloupe,2004,"Kilowatt-hours, million",31.9
Guadeloupe,2003,"Kilowatt-hours, million",33.6
Guadeloupe,2002,"Kilowatt-hours, million",29.9
Guadeloupe,2001,"Kilowatt-hours, million",17.1
Guadeloupe,2000,"Kilowatt-hours, million",8.7
Guadeloupe,1999,"Kilowatt-hours, million",4.4
Guadeloupe,1998,"Kilowatt-hours, million",2
Guadeloupe,1997,"Kilowatt-hours, million",0.9
Guadeloupe,1996,"Kilowatt-hours, million",0.3
Guadeloupe,2010,"Kilowatt-hours, million",41
Guadeloupe,2009,"Kilowatt-hours, million",51.1
Guadeloupe,2008,"Kilowatt-hours, million",48.7
Guadeloupe,2007,"Kilowatt-hours, million",44
Guadeloupe,2006,"Kilowatt-hours, million",34.9
Guadeloupe,2005,"Kilowatt-hours, million",24.6
Guadeloupe,2004,"Kilowatt-hours, million",31.9
Guadeloupe,2003,"Kilowatt-hours, million",33.6
Guadeloupe,2002,"Kilowatt-hours, million",29.9
Guadeloupe,2001,"Kilowatt-hours, million",17.1
Guadeloupe,2000,"Kilowatt-hours, million",8.7
Guadeloupe,1999,"Kilowatt-hours, million",4.4
Guadeloupe,1998,"Kilowatt-hours, million",2
Guadeloupe,1997,"Kilowatt-hours, million",0.9
Guadeloupe,1996,"Kilowatt-hours, million",0.3
Guam,2019,"Kilowatt-hours, million",0.5
Guam,2018,"Kilowatt-hours, million",0.5
Guam,2017,"Kilowatt-hours, million",0.5
Guam,2016,"Kilowatt-hours, million",0.5
Guatemala,2020,"Kilowatt-hours, million",317
Guatemala,2019,"Kilowatt-hours, million",220.8
Guatemala,2018,"Kilowatt-hours, million",319.5
Guatemala,2017,"Kilowatt-hours, million",218.06
Guatemala,2016,"Kilowatt-hours, million",215.07
Guatemala,2015,"Kilowatt-hours, million",107.29
Guyana,2019,"Kilowatt-hours, million",0.35
Guyana,2018,"Kilowatt-hours, million",0.35
Guyana,2017,"Kilowatt-hours, million",0.35
Guyana,2016,"Kilowatt-hours, million",0.35
Guyana,2015,"Kilowatt-hours, million",0.35
Guyana,2014,"Kilowatt-hours, million",0.13
Guyana,2013,"Kilowatt-hours, million",0.12
Guyana,2012,"Kilowatt-hours, million",0.07
Guyana,2011,"Kilowatt-hours, million",0.07
Guyana,2010,"Kilowatt-hours, million",0.07
Guyana,2009,"Kilowatt-hours, million",0.07
Guyana,2008,"Kilowatt-hours, million",0.07
Guyana,2007,"Kilowatt-hours, million",0.03
Guyana,2006,"Kilowatt-hours, million",0.03
Guyana,2005,"Kilowatt-hours, million",0.03
Guyana,2004,"Kilowatt-hours, million",0.03
Guyana,2003,"Kilowatt-hours, million",0.03
Guyana,2002,"Kilowatt-hours, million",0.03
Guyana,2001,"Kilowatt-hours, million",0.03
Guyana,2000,"Kilowatt-hours, million",0.03
Honduras,2020,"Kilowatt-hours, million",707.4
Honduras,2019,"Kilowatt-hours, million",818.3
Honduras,2018,"Kilowatt-hours, million",928.7
Honduras,2017,"Kilowatt-hours, million",578.1
Honduras,2016,"Kilowatt-hours, million",582.9
Honduras,2015,"Kilowatt-hours, million",664.8
Honduras,2014,"Kilowatt-hours, million",398
Honduras,2013,"Kilowatt-hours, million",310
Honduras,2012,"Kilowatt-hours, million",338
Honduras,2011,"Kilowatt-hours, million",117
Hungary,2019,"Kilowatt-hours, million",729
Hungary,2018,"Kilowatt-hours, million",607
Hungary,2017,"Kilowatt-hours, million",758
Hungary,2016,"Kilowatt-hours, million",684
Hungary,2015,"Kilowatt-hours, million",693
Hungary,2014,"Kilowatt-hours, million",657
Hungary,2013,"Kilowatt-hours, million",718
Hungary,2012,"Kilowatt-hours, million",770
Hungary,2011,"Kilowatt-hours, million",626
Hungary,2010,"Kilowatt-hours, million",534
Hungary,2009,"Kilowatt-hours, million",331
Hungary,2008,"Kilowatt-hours, million",205
Hungary,2007,"Kilowatt-hours, million",110
Hungary,2006,"Kilowatt-hours, million",43
Hungary,2005,"Kilowatt-hours, million",10
Hungary,2004,"Kilowatt-hours, million",6
Hungary,2003,"Kilowatt-hours, million",4
Hungary,2002,"Kilowatt-hours, million",1
Hungary,2001,"Kilowatt-hours, million",1
Iceland,2019,"Kilowatt-hours, million",6.569
Iceland,2018,"Kilowatt-hours, million",4.363
Iceland,2017,"Kilowatt-hours, million",8.127
Iceland,2016,"Kilowatt-hours, million",9
Iceland,2015,"Kilowatt-hours, million",11
Iceland,2014,"Kilowatt-hours, million",8
Iceland,2013,"Kilowatt-hours, million",3
India,2019,"Kilowatt-hours, million",69949
India,2018,"Kilowatt-hours, million",64294
India,2017,"Kilowatt-hours, million",38486
India,2016,"Kilowatt-hours, million",35530
India,2015,"Kilowatt-hours, million",30045
India,2014,"Kilowatt-hours, million",27057
India,2013,"Kilowatt-hours, million",33583
India,2012,"Kilowatt-hours, million",28365
India,2011,"Kilowatt-hours, million",23353
India,2010,"Kilowatt-hours, million",18735
India,2009,"Kilowatt-hours, million",18188
India,2008,"Kilowatt-hours, million",13334
India,2007,"Kilowatt-hours, million",11413
India,2006,"Kilowatt-hours, million",9547
India,2005,"Kilowatt-hours, million",5991
India,2004,"Kilowatt-hours, million",4295
India,2003,"Kilowatt-hours, million",3402
India,2002,"Kilowatt-hours, million",2511
India,2001,"Kilowatt-hours, million",2085
India,2000,"Kilowatt-hours, million",1582
India,1999,"Kilowatt-hours, million",1509
India,1998,"Kilowatt-hours, million",1127
India,1997,"Kilowatt-hours, million",1037
India,1996,"Kilowatt-hours, million",926
India,1995,"Kilowatt-hours, million",498
India,1994,"Kilowatt-hours, million",182
India,1993,"Kilowatt-hours, million",57
India,1992,"Kilowatt-hours, million",52
India,1991,"Kilowatt-hours, million",39
India,1990,"Kilowatt-hours, million",32
Indonesia,2017,"Kilowatt-hours, million",6
Indonesia,2016,"Kilowatt-hours, million",6
Indonesia,2013,"Kilowatt-hours, million",1.4
Indonesia,2012,"Kilowatt-hours, million",5
Indonesia,2011,"Kilowatt-hours, million",5
Indonesia,2010,"Kilowatt-hours, million",4.02
Indonesia,2009,"Kilowatt-hours, million",4.05
Indonesia,2008,"Kilowatt-hours, million",0
Iran,2019,"Kilowatt-hours, million",555.298
Iran,2018,"Kilowatt-hours, million",585
Iran,2017,"Kilowatt-hours, million",306
Iran,2016,"Kilowatt-hours, million",250
Iran,2015,"Kilowatt-hours, million",221
Iran,2014,"Kilowatt-hours, million",186
Iran,2013,"Kilowatt-hours, million",376
Iran,2012,"Kilowatt-hours, million",207
Iran,2011,"Kilowatt-hours, million",217
Iran,2010,"Kilowatt-hours, million",163
Iran,2009,"Kilowatt-hours, million",225
Iran,2008,"Kilowatt-hours, million",196
Iran,2007,"Kilowatt-hours, million",143
Iran,2006,"Kilowatt-hours, million",125
Iran,2005,"Kilowatt-hours, million",71
Iran,2004,"Kilowatt-hours, million",7
Iran,2003,"Kilowatt-hours, million",27
Iran,2002,"Kilowatt-hours, million",30
Iran,2001,"Kilowatt-hours, million",34
Iran,2000,"Kilowatt-hours, million",37
Ireland,2019,"Kilowatt-hours, million",10019.485
Ireland,2018,"Kilowatt-hours, million",8639.767
Ireland,2017,"Kilowatt-hours, million",7444.037
Ireland,2016,"Kilowatt-hours, million",6147
Ireland,2015,"Kilowatt-hours, million",6573
Ireland,2014,"Kilowatt-hours, million",5140
Ireland,2013,"Kilowatt-hours, million",4542
Ireland,2012,"Kilowatt-hours, million",4010
Ireland,2011,"Kilowatt-hours, million",4380
Ireland,2010,"Kilowatt-hours, million",2815
Ireland,2009,"Kilowatt-hours, million",2955
Ireland,2008,"Kilowatt-hours, million",2410
Ireland,2007,"Kilowatt-hours, million",1958
Ireland,2006,"Kilowatt-hours, million",1622
Ireland,2005,"Kilowatt-hours, million",1112
Ireland,2004,"Kilowatt-hours, million",655
Ireland,2003,"Kilowatt-hours, million",454
Ireland,2002,"Kilowatt-hours, million",388
Ireland,2001,"Kilowatt-hours, million",334
Ireland,2000,"Kilowatt-hours, million",244
Ireland,1999,"Kilowatt-hours, million",187
Ireland,1998,"Kilowatt-hours, million",169
Ireland,1997,"Kilowatt-hours, million",50
Ireland,1996,"Kilowatt-hours, million",14
Ireland,1995,"Kilowatt-hours, million",16
Ireland,1994,"Kilowatt-hours, million",19
Ireland,1993,"Kilowatt-hours, million",15
Ireland,1992,"Kilowatt-hours, million",5
Israel,2019,"Kilowatt-hours, million",184.2
Israel,2018,"Kilowatt-hours, million",183.19
Israel,2017,"Kilowatt-hours, million",179.964
Israel,2016,"Kilowatt-hours, million",0
Israel,2015,"Kilowatt-hours, million",7
Israel,2014,"Kilowatt-hours, million",6
Israel,2013,"Kilowatt-hours, million",6
Israel,2012,"Kilowatt-hours, million",6
Israel,2011,"Kilowatt-hours, million",7
Israel,2010,"Kilowatt-hours, million",8
Israel,2009,"Kilowatt-hours, million",9
Israel,2008,"Kilowatt-hours, million",9
Israel,2007,"Kilowatt-hours, million",10
Israel,2006,"Kilowatt-hours, million",10
Israel,2005,"Kilowatt-hours, million",11
Israel,2004,"Kilowatt-hours, million",11
Israel,2003,"Kilowatt-hours, million",12
Israel,2002,"Kilowatt-hours, million",11
Israel,2001,"Kilowatt-hours, million",10
Italy,2019,"Kilowatt-hours, million",20202.041
Italy,2018,"Kilowatt-hours, million",17716.434
Italy,2017,"Kilowatt-hours, million",17741.909
Italy,2016,"Kilowatt-hours, million",17689
Italy,2015,"Kilowatt-hours, million",14844
Italy,2014,"Kilowatt-hours, million",15178
Italy,2013,"Kilowatt-hours, million",14897
Italy,2012,"Kilowatt-hours, million",13407
Italy,2011,"Kilowatt-hours, million",9856
Italy,2010,"Kilowatt-hours, million",9126
Italy,2009,"Kilowatt-hours, million",6543
Italy,2008,"Kilowatt-hours, million",4861
Italy,2007,"Kilowatt-hours, million",4034
Italy,2006,"Kilowatt-hours, million",2971
Italy,2005,"Kilowatt-hours, million",2344
Italy,2004,"Kilowatt-hours, million",1847
Italy,2003,"Kilowatt-hours, million",1458
Italy,2002,"Kilowatt-hours, million",1404
Italy,2001,"Kilowatt-hours, million",1179
Italy,2000,"Kilowatt-hours, million",563
Italy,1999,"Kilowatt-hours, million",403
Italy,1998,"Kilowatt-hours, million",231
Italy,1997,"Kilowatt-hours, million",118
Italy,1996,"Kilowatt-hours, million",33
Italy,1995,"Kilowatt-hours, million",9
Italy,1994,"Kilowatt-hours, million",7
Italy,1993,"Kilowatt-hours, million",4
Italy,1992,"Kilowatt-hours, million",2
Italy,1991,"Kilowatt-hours, million",3
Italy,1990,"Kilowatt-hours, million",2
Jamaica,2019,"Kilowatt-hours, million",272
Jamaica,2018,"Kilowatt-hours, million",302
Jamaica,2017,"Kilowatt-hours, million",289
Jamaica,2016,"Kilowatt-hours, million",207
Jamaica,2015,"Kilowatt-hours, million",125
Jamaica,2014,"Kilowatt-hours, million",119
Jamaica,2013,"Kilowatt-hours, million",115
Jamaica,2012,"Kilowatt-hours, million",107
Jamaica,2011,"Kilowatt-hours, million",91
Jamaica,2010,"Kilowatt-hours, million",53
Jamaica,2009,"Kilowatt-hours, million",51
Jamaica,2008,"Kilowatt-hours, million",49
Jamaica,2007,"Kilowatt-hours, million",52
Jamaica,2006,"Kilowatt-hours, million",55
Jamaica,2005,"Kilowatt-hours, million",50
Jamaica,2004,"Kilowatt-hours, million",32
Japan,2019,"Kilowatt-hours, million",7672.724
Japan,2018,"Kilowatt-hours, million",7481.228
Japan,2017,"Kilowatt-hours, million",6489.58
Japan,2016,"Kilowatt-hours, million",6166
Japan,2015,"Kilowatt-hours, million",5580
Japan,2014,"Kilowatt-hours, million",5217
Japan,2013,"Kilowatt-hours, million",5187
Japan,2012,"Kilowatt-hours, million",4838
Japan,2011,"Kilowatt-hours, million",4677
Japan,2010,"Kilowatt-hours, million",4017
Japan,2009,"Kilowatt-hours, million",3613
Japan,2008,"Kilowatt-hours, million",2942
Japan,2007,"Kilowatt-hours, million",2614
Japan,2006,"Kilowatt-hours, million",2167
Japan,2005,"Kilowatt-hours, million",1751
Japan,2004,"Kilowatt-hours, million",1310
Japan,2003,"Kilowatt-hours, million",833
Japan,2002,"Kilowatt-hours, million",415
Japan,2001,"Kilowatt-hours, million",252
Japan,2000,"Kilowatt-hours, million",109
Japan,1999,"Kilowatt-hours, million",38
Japan,1998,"Kilowatt-hours, million",7
Japan,1997,"Kilowatt-hours, million",1
Japan,1996,"Kilowatt-hours, million",2
Japan,1995,"Kilowatt-hours, million",3
Japan,1994,"Kilowatt-hours, million",2
Japan,1993,"Kilowatt-hours, million",2
Japan,1992,"Kilowatt-hours, million",1
Japan,1991,"Kilowatt-hours, million",0
Japan,1990,"Kilowatt-hours, million",0
Jordan,2020,"Kilowatt-hours, million",1406.9
Jordan,2019,"Kilowatt-hours, million",874.9
Jordan,2018,"Kilowatt-hours, million",707
Jordan,2017,"Kilowatt-hours, million",449.1
Jordan,2016,"Kilowatt-hours, million",391
Jordan,2015,"Kilowatt-hours, million",123.1
Jordan,2014,"Kilowatt-hours, million",2.4
Jordan,2013,"Kilowatt-hours, million",3
Jordan,2012,"Kilowatt-hours, million",3
Jordan,2011,"Kilowatt-hours, million",3
Jordan,2010,"Kilowatt-hours, million",3
Jordan,2009,"Kilowatt-hours, million",3
Jordan,2008,"Kilowatt-hours, million",3
Jordan,2007,"Kilowatt-hours, million",3
Jordan,2006,"Kilowatt-hours, million",3
Jordan,2005,"Kilowatt-hours, million",3
Jordan,2004,"Kilowatt-hours, million",3
Jordan,2003,"Kilowatt-hours, million",3
Jordan,2002,"Kilowatt-hours, million",3
Kazakhstan,2019,"Kilowatt-hours, million",707
Kazakhstan,2018,"Kilowatt-hours, million",427
Kazakhstan,2017,"Kilowatt-hours, million",339
Kazakhstan,2016,"Kilowatt-hours, million",274
Kazakhstan,2015,"Kilowatt-hours, million",132
Kazakhstan,2014,"Kilowatt-hours, million",13
Kazakhstan,2013,"Kilowatt-hours, million",5
Kazakhstan,2012,"Kilowatt-hours, million",3
Kenya,2020,"Kilowatt-hours, million",1331.4
Kenya,2019,"Kilowatt-hours, million",1562.7
Kenya,2018,"Kilowatt-hours, million",375.6
Kenya,2017,"Kilowatt-hours, million",61.3
Kenya,2016,"Kilowatt-hours, million",56.4
Kenya,2015,"Kilowatt-hours, million",59.7
Kenya,2014,"Kilowatt-hours, million",17
Kenya,2013,"Kilowatt-hours, million",14.7
Kenya,2012,"Kilowatt-hours, million",14.4
Kenya,2011,"Kilowatt-hours, million",17.6
Kenya,2010,"Kilowatt-hours, million",16.8
Kenya,2009,"Kilowatt-hours, million",7.2
Kenya,2008,"Kilowatt-hours, million",0.2
Kenya,2007,"Kilowatt-hours, million",0
South Korea,2019,"Kilowatt-hours, million",2680.924
South Korea,2018,"Kilowatt-hours, million",2464.879
South Korea,2017,"Kilowatt-hours, million",2169.014
South Korea,2016,"Kilowatt-hours, million",1683
South Korea,2015,"Kilowatt-hours, million",1342
South Korea,2014,"Kilowatt-hours, million",1146
South Korea,2013,"Kilowatt-hours, million",1149
South Korea,2012,"Kilowatt-hours, million",917
South Korea,2011,"Kilowatt-hours, million",863
South Korea,2010,"Kilowatt-hours, million",817
South Korea,2009,"Kilowatt-hours, million",685
South Korea,2008,"Kilowatt-hours, million",436
South Korea,2007,"Kilowatt-hours, million",376
South Korea,2006,"Kilowatt-hours, million",239
South Korea,2005,"Kilowatt-hours, million",130
South Korea,2004,"Kilowatt-hours, million",47
South Korea,2003,"Kilowatt-hours, million",25
South Korea,2002,"Kilowatt-hours, million",15
South Korea,2001,"Kilowatt-hours, million",13
South Korea,2000,"Kilowatt-hours, million",17
South Korea,1999,"Kilowatt-hours, million",6
South Korea,1998,"Kilowatt-hours, million",2
South Korea,1997,"Kilowatt-hours, million",1
South Korea,1996,"Kilowatt-hours, million",0
South Korea,1995,"Kilowatt-hours, million",0
South Korea,1994,"Kilowatt-hours, million",1
South Korea,1993,"Kilowatt-hours, million",1
Kosovo,2019,"Kilowatt-hours, million",90.649
Kosovo,2018,"Kilowatt-hours, million",30
Kosovo,2017,"Kilowatt-hours, million",0.34
Kosovo,2011,"Kilowatt-hours, million",0
Kosovo,2010,"Kilowatt-hours, million",1
Latvia,2019,"Kilowatt-hours, million",153.999
Latvia,2018,"Kilowatt-hours, million",122.038
Latvia,2017,"Kilowatt-hours, million",150
Latvia,2016,"Kilowatt-hours, million",128
Latvia,2015,"Kilowatt-hours, million",147
Latvia,2014,"Kilowatt-hours, million",139
Latvia,2013,"Kilowatt-hours, million",120
Latvia,2012,"Kilowatt-hours, million",114
Latvia,2011,"Kilowatt-hours, million",71
Latvia,2010,"Kilowatt-hours, million",49
Latvia,2009,"Kilowatt-hours, million",50
Latvia,2008,"Kilowatt-hours, million",59
Latvia,2007,"Kilowatt-hours, million",53
Latvia,2006,"Kilowatt-hours, million",46
Latvia,2005,"Kilowatt-hours, million",47
Latvia,2004,"Kilowatt-hours, million",49
Latvia,2003,"Kilowatt-hours, million",48
Latvia,2002,"Kilowatt-hours, million",11
Latvia,2001,"Kilowatt-hours, million",3
Latvia,2000,"Kilowatt-hours, million",4
Latvia,1999,"Kilowatt-hours, million",2
Latvia,1998,"Kilowatt-hours, million",2
Latvia,1997,"Kilowatt-hours, million",2
Latvia,1996,"Kilowatt-hours, million",1
Lithuania,2019,"Kilowatt-hours, million",1499.4
Lithuania,2018,"Kilowatt-hours, million",1144
Lithuania,2017,"Kilowatt-hours, million",1363.8
Lithuania,2016,"Kilowatt-hours, million",1136
Lithuania,2015,"Kilowatt-hours, million",810
Lithuania,2014,"Kilowatt-hours, million",639
Lithuania,2013,"Kilowatt-hours, million",603
Lithuania,2012,"Kilowatt-hours, million",540
Lithuania,2011,"Kilowatt-hours, million",475
Lithuania,2010,"Kilowatt-hours, million",224
Lithuania,2009,"Kilowatt-hours, million",158
Lithuania,2008,"Kilowatt-hours, million",131
Lithuania,2007,"Kilowatt-hours, million",106
Lithuania,2006,"Kilowatt-hours, million",14
Lithuania,2005,"Kilowatt-hours, million",2
Lithuania,2004,"Kilowatt-hours, million",1
Lithuania,2003,"Kilowatt-hours, million",0
Lithuania,2002,"Kilowatt-hours, million",0
Lithuania,2001,"Kilowatt-hours, million",0
Lithuania,2000,"Kilowatt-hours, million",0
Lithuania,1999,"Kilowatt-hours, million",0
Luxembourg,2019,"Kilowatt-hours, million",281.283
Luxembourg,2018,"Kilowatt-hours, million",254.575
Luxembourg,2017,"Kilowatt-hours, million",234.823
Luxembourg,2016,"Kilowatt-hours, million",101
Luxembourg,2015,"Kilowatt-hours, million",102
Luxembourg,2014,"Kilowatt-hours, million",80
Luxembourg,2013,"Kilowatt-hours, million",83
Luxembourg,2012,"Kilowatt-hours, million",77
Luxembourg,2011,"Kilowatt-hours, million",64
Luxembourg,2010,"Kilowatt-hours, million",55
Luxembourg,2009,"Kilowatt-hours, million",63
Luxembourg,2008,"Kilowatt-hours, million",61
Luxembourg,2007,"Kilowatt-hours, million",64
Luxembourg,2006,"Kilowatt-hours, million",58
Luxembourg,2005,"Kilowatt-hours, million",52
Luxembourg,2004,"Kilowatt-hours, million",39
Luxembourg,2003,"Kilowatt-hours, million",26
Luxembourg,2002,"Kilowatt-hours, million",24
Luxembourg,2001,"Kilowatt-hours, million",24
Luxembourg,2000,"Kilowatt-hours, million",25
Luxembourg,1999,"Kilowatt-hours, million",18
Luxembourg,1998,"Kilowatt-hours, million",11
Luxembourg,1997,"Kilowatt-hours, million",3
Madagascar,2020,"Kilowatt-hours, million",0.465
Madagascar,2019,"Kilowatt-hours, million",0.465
Madagascar,2018,"Kilowatt-hours, million",0.465
Madagascar,2017,"Kilowatt-hours, million",0.465
Madagascar,2016,"Kilowatt-hours, million",0.465
Madagascar,2015,"Kilowatt-hours, million",0.465
Madagascar,2014,"Kilowatt-hours, million",0.465
Madagascar,2013,"Kilowatt-hours, million",0.465
Madagascar,2012,"Kilowatt-hours, million",0.465
Madagascar,2011,"Kilowatt-hours, million",0.465
Madagascar,2010,"Kilowatt-hours, million",0.452
Madagascar,2009,"Kilowatt-hours, million",0.25
Madagascar,2008,"Kilowatt-hours, million",0.039
Madagascar,2007,"Kilowatt-hours, million",0.039
Maldives,2019,"Kilowatt-hours, million",3
Maldives,2018,"Kilowatt-hours, million",2
Maldives,2017,"Kilowatt-hours, million",2
Maldives,2016,"Kilowatt-hours, million",2
Maldives,2015,"Kilowatt-hours, million",2
Maldives,2014,"Kilowatt-hours, million",2
Maldives,2013,"Kilowatt-hours, million",2
Maldives,2012,"Kilowatt-hours, million",2
Maldives,2011,"Kilowatt-hours, million",2
Maldives,2010,"Kilowatt-hours, million",2
Maldives,2009,"Kilowatt-hours, million",2
Malta,2019,"Kilowatt-hours, million",0.058
Malta,2018,"Kilowatt-hours, million",0.058
Malta,2017,"Kilowatt-hours, million",0.058
Martinique,2016,"Kilowatt-hours, million",1.3
Martinique,2015,"Kilowatt-hours, million",2.3
Martinique,2014,"Kilowatt-hours, million",1.5
Martinique,2013,"Kilowatt-hours, million",1.5
Martinique,2012,"Kilowatt-hours, million",1.6
Martinique,2011,"Kilowatt-hours, million",1.3
Martinique,2010,"Kilowatt-hours, million",1
Martinique,2009,"Kilowatt-hours, million",1.5
Martinique,2008,"Kilowatt-hours, million",1.3
Martinique,2007,"Kilowatt-hours, million",1.5
Martinique,2006,"Kilowatt-hours, million",1.5
Martinique,2005,"Kilowatt-hours, million",2.5
Martinique,2010,"Kilowatt-hours, million",1
Martinique,2009,"Kilowatt-hours, million",1.5
Martinique,2008,"Kilowatt-hours, million",1.3
Martinique,2007,"Kilowatt-hours, million",1.5
Martinique,2006,"Kilowatt-hours, million",1.5
Martinique,2005,"Kilowatt-hours, million",2.5
Mauritania,2019,"Kilowatt-hours, million",104
Mauritania,2018,"Kilowatt-hours, million",104
Mauritania,2017,"Kilowatt-hours, million",104
Mauritania,2016,"Kilowatt-hours, million",110.8
Mauritania,2015,"Kilowatt-hours, million",104
Mauritania,2014,"Kilowatt-hours, million",13
Mauritania,2013,"Kilowatt-hours, million",13
Mauritius,2019,"Kilowatt-hours, million",15.4
Mauritius,2018,"Kilowatt-hours, million",15.1
Mauritius,2017,"Kilowatt-hours, million",14.6
Mauritius,2016,"Kilowatt-hours, million",18
Mauritius,2015,"Kilowatt-hours, million",2.7
Mauritius,2014,"Kilowatt-hours, million",3.2
Mauritius,2013,"Kilowatt-hours, million",3.6
Mauritius,2012,"Kilowatt-hours, million",3.6
Mauritius,2011,"Kilowatt-hours, million",2.8
Mauritius,2010,"Kilowatt-hours, million",2.5
Mauritius,2009,"Kilowatt-hours, million",1.5
Mauritius,2008,"Kilowatt-hours, million",0.4
Mauritius,2007,"Kilowatt-hours, million",0.4
Mauritius,2006,"Kilowatt-hours, million",0.4
Mauritius,2005,"Kilowatt-hours, million",0.4
Mauritius,2004,"Kilowatt-hours, million",0.4
Mexico,2019,"Kilowatt-hours, million",16880
Mexico,2018,"Kilowatt-hours, million",12877
Mexico,2017,"Kilowatt-hours, million",10442
Mexico,2016,"Kilowatt-hours, million",10378
Mexico,2015,"Kilowatt-hours, million",8745
Mexico,2014,"Kilowatt-hours, million",6426
Mexico,2013,"Kilowatt-hours, million",4185
Mexico,2012,"Kilowatt-hours, million",3688
Mexico,2011,"Kilowatt-hours, million",1648
Mexico,2010,"Kilowatt-hours, million",1239
Mexico,2009,"Kilowatt-hours, million",596
Mexico,2008,"Kilowatt-hours, million",269
Mexico,2007,"Kilowatt-hours, million",262
Mexico,2006,"Kilowatt-hours, million",59
Mexico,2005,"Kilowatt-hours, million",19
Mexico,2004,"Kilowatt-hours, million",20
Mexico,2003,"Kilowatt-hours, million",19
Mexico,2002,"Kilowatt-hours, million",21
Mexico,2001,"Kilowatt-hours, million",18
Mexico,2000,"Kilowatt-hours, million",19
Mexico,1999,"Kilowatt-hours, million",17
Mexico,1998,"Kilowatt-hours, million",15
Mexico,1997,"Kilowatt-hours, million",12
Mexico,1996,"Kilowatt-hours, million",6
Mexico,1995,"Kilowatt-hours, million",7
Mexico,1994,"Kilowatt-hours, million",5
Mexico,1993,"Kilowatt-hours, million",1
Mexico,1992,"Kilowatt-hours, million",1
Mexico,1991,"Kilowatt-hours, million",1
Mexico,1990,"Kilowatt-hours, million",1
Micronesia,2020,"Kilowatt-hours, million",1.1
Micronesia,2019,"Kilowatt-hours, million",1.1
Micronesia,2018,"Kilowatt-hours, million",1.1
Mongolia,2020,"Kilowatt-hours, million",340
Mongolia,2019,"Kilowatt-hours, million",340
Mongolia,2018,"Kilowatt-hours, million",340
Mongolia,2017,"Kilowatt-hours, million",155
Mongolia,2016,"Kilowatt-hours, million",159
Mongolia,2015,"Kilowatt-hours, million",154
Mongolia,2014,"Kilowatt-hours, million",126
Mongolia,2013,"Kilowatt-hours, million",54
Mongolia,2012,"Kilowatt-hours, million",1
Mongolia,2011,"Kilowatt-hours, million",1
Mongolia,2010,"Kilowatt-hours, million",1
Montenegro,2020,"Kilowatt-hours, million",320.1
Montenegro,2019,"Kilowatt-hours, million",293.4
Montenegro,2018,"Kilowatt-hours, million",141
Montenegro,2017,"Kilowatt-hours, million",95
Morocco,2019,"Kilowatt-hours, million",4699.19
Morocco,2018,"Kilowatt-hours, million",3840.743
Morocco,2017,"Kilowatt-hours, million",3034.9
Morocco,2016,"Kilowatt-hours, million",3000
Morocco,2015,"Kilowatt-hours, million",2519
Morocco,2014,"Kilowatt-hours, million",1924
Morocco,2013,"Kilowatt-hours, million",1356
Morocco,2012,"Kilowatt-hours, million",728
Morocco,2011,"Kilowatt-hours, million",692
Morocco,2010,"Kilowatt-hours, million",659
Morocco,2009,"Kilowatt-hours, million",391
Morocco,2008,"Kilowatt-hours, million",298
Morocco,2007,"Kilowatt-hours, million",279
Morocco,2006,"Kilowatt-hours, million",183
Morocco,2005,"Kilowatt-hours, million",206
Morocco,2004,"Kilowatt-hours, million",199
Morocco,2003,"Kilowatt-hours, million",203
Morocco,2002,"Kilowatt-hours, million",194
Morocco,2001,"Kilowatt-hours, million",206
Morocco,2000,"Kilowatt-hours, million",64
Morocco,1999,"Kilowatt-hours, million",0
Morocco,1998,"Kilowatt-hours, million",0
Namibia,2019,"Kilowatt-hours, million",4.981
Namibia,2018,"Kilowatt-hours, million",18.1
Namibia,2017,"Kilowatt-hours, million",5
Namibia,2016,"Kilowatt-hours, million",0.58
Namibia,2015,"Kilowatt-hours, million",0.58
Namibia,2014,"Kilowatt-hours, million",0.58
Namibia,2013,"Kilowatt-hours, million",0.58
Namibia,2012,"Kilowatt-hours, million",0.58
Namibia,2011,"Kilowatt-hours, million",0.57
Namibia,2010,"Kilowatt-hours, million",0.57
Namibia,2009,"Kilowatt-hours, million",0.57
Namibia,2008,"Kilowatt-hours, million",0.57
Namibia,2007,"Kilowatt-hours, million",0.57
Namibia,2006,"Kilowatt-hours, million",0.57
Namibia,2005,"Kilowatt-hours, million",0.57
Nepal,2019,"Kilowatt-hours, million",6.719
Nepal,2018,"Kilowatt-hours, million",5.706
Nepal,2017,"Kilowatt-hours, million",6
Nepal,2016,"Kilowatt-hours, million",6
Nepal,2015,"Kilowatt-hours, million",6
Netherlands,2019,"Kilowatt-hours, million",11507.927
Netherlands,2018,"Kilowatt-hours, million",10548.511
Netherlands,2017,"Kilowatt-hours, million",10568.813
Netherlands,2016,"Kilowatt-hours, million",8170
Netherlands,2015,"Kilowatt-hours, million",7550
Netherlands,2014,"Kilowatt-hours, million",5797
Netherlands,2013,"Kilowatt-hours, million",5627
Netherlands,2012,"Kilowatt-hours, million",4981
Netherlands,2011,"Kilowatt-hours, million",5101
Netherlands,2010,"Kilowatt-hours, million",3994
Netherlands,2009,"Kilowatt-hours, million",4581
Netherlands,2008,"Kilowatt-hours, million",4260
Netherlands,2007,"Kilowatt-hours, million",3438
Netherlands,2006,"Kilowatt-hours, million",2735
Netherlands,2005,"Kilowatt-hours, million",2067
Netherlands,2004,"Kilowatt-hours, million",1871
Netherlands,2003,"Kilowatt-hours, million",1320
Netherlands,2002,"Kilowatt-hours, million",947
Netherlands,2001,"Kilowatt-hours, million",825
Netherlands,2000,"Kilowatt-hours, million",829
Netherlands,1999,"Kilowatt-hours, million",645
Netherlands,1998,"Kilowatt-hours, million",640
Netherlands,1997,"Kilowatt-hours, million",475
Netherlands,1996,"Kilowatt-hours, million",437
Netherlands,1995,"Kilowatt-hours, million",317
Netherlands,1994,"Kilowatt-hours, million",238
Netherlands,1993,"Kilowatt-hours, million",174
Netherlands,1992,"Kilowatt-hours, million",147
Netherlands,1991,"Kilowatt-hours, million",88
Netherlands,1990,"Kilowatt-hours, million",56
New Caledonia,2020,"Kilowatt-hours, million",48.6
New Caledonia,2019,"Kilowatt-hours, million",56.6
New Caledonia,2018,"Kilowatt-hours, million",45
New Caledonia,2017,"Kilowatt-hours, million",45.1
New Caledonia,2016,"Kilowatt-hours, million",45.1
New Caledonia,2015,"Kilowatt-hours, million",61.6
New Caledonia,2014,"Kilowatt-hours, million",57.2
New Caledonia,2013,"Kilowatt-hours, million",52.3
New Caledonia,2012,"Kilowatt-hours, million",57.1
New Caledonia,2011,"Kilowatt-hours, million",45.5
New Caledonia,2010,"Kilowatt-hours, million",51.7
New Caledonia,2009,"Kilowatt-hours, million",41.5
New Caledonia,2008,"Kilowatt-hours, million",36
New Caledonia,2007,"Kilowatt-hours, million",37
New Caledonia,2006,"Kilowatt-hours, million",28
New Caledonia,2005,"Kilowatt-hours, million",18
New Caledonia,2004,"Kilowatt-hours, million",11
New Caledonia,2003,"Kilowatt-hours, million",5
New Caledonia,2002,"Kilowatt-hours, million",8
New Caledonia,2001,"Kilowatt-hours, million",7
New Caledonia,2000,"Kilowatt-hours, million",7
New Caledonia,1999,"Kilowatt-hours, million",6
New Caledonia,1998,"Kilowatt-hours, million",6
New Caledonia,1997,"Kilowatt-hours, million",5
New Caledonia,1996,"Kilowatt-hours, million",2
New Caledonia,1995,"Kilowatt-hours, million",0
New Caledonia,1994,"Kilowatt-hours, million",0
New Zealand,2019,"Kilowatt-hours, million",2254.445
New Zealand,2018,"Kilowatt-hours, million",2067.153
New Zealand,2017,"Kilowatt-hours, million",2085.891
New Zealand,2016,"Kilowatt-hours, million",2330
New Zealand,2015,"Kilowatt-hours, million",2364
New Zealand,2014,"Kilowatt-hours, million",2211
New Zealand,2013,"Kilowatt-hours, million",2022
New Zealand,2012,"Kilowatt-hours, million",2079
New Zealand,2011,"Kilowatt-hours, million",1957
New Zealand,2010,"Kilowatt-hours, million",1637
New Zealand,2009,"Kilowatt-hours, million",1476
New Zealand,2008,"Kilowatt-hours, million",1058
New Zealand,2007,"Kilowatt-hours, million",930
New Zealand,2006,"Kilowatt-hours, million",622
New Zealand,2005,"Kilowatt-hours, million",614
New Zealand,2004,"Kilowatt-hours, million",362
New Zealand,2003,"Kilowatt-hours, million",147
New Zealand,2002,"Kilowatt-hours, million",155
New Zealand,2001,"Kilowatt-hours, million",139
New Zealand,2000,"Kilowatt-hours, million",120
New Zealand,1999,"Kilowatt-hours, million",39
New Zealand,1998,"Kilowatt-hours, million",22
New Zealand,1997,"Kilowatt-hours, million",14
New Zealand,1996,"Kilowatt-hours, million",8
New Zealand,1995,"Kilowatt-hours, million",1
New Zealand,1994,"Kilowatt-hours, million",1
New Zealand,1993,"Kilowatt-hours, million",1
New Zealand,1992,"Kilowatt-hours, million",1
Nicaragua,2019,"Kilowatt-hours, million",730.165
Nicaragua,2018,"Kilowatt-hours, million",801
Nicaragua,2017,"Kilowatt-hours, million",635
Nicaragua,2016,"Kilowatt-hours, million",729
Nicaragua,2015,"Kilowatt-hours, million",865
Nicaragua,2014,"Kilowatt-hours, million",846
Nicaragua,2013,"Kilowatt-hours, million",562
Nicaragua,2012,"Kilowatt-hours, million",330
Nicaragua,2011,"Kilowatt-hours, million",211
Nicaragua,2010,"Kilowatt-hours, million",163
Nicaragua,2009,"Kilowatt-hours, million",110
Nicaragua,2008,"Kilowatt-hours, million",0
Nicaragua,2007,"Kilowatt-hours, million",0
Nigeria,2019,"Kilowatt-hours, million",3
Nigeria,2018,"Kilowatt-hours, million",3
Nigeria,2017,"Kilowatt-hours, million",3
Nigeria,2016,"Kilowatt-hours, million",3
Nigeria,2015,"Kilowatt-hours, million",3
Nigeria,2014,"Kilowatt-hours, million",3
Nigeria,2013,"Kilowatt-hours, million",2
Nigeria,2012,"Kilowatt-hours, million",2
Nigeria,2011,"Kilowatt-hours, million",2
Nigeria,2010,"Kilowatt-hours, million",2
North Macedonia,2019,"Kilowatt-hours, million",101.807
North Macedonia,2018,"Kilowatt-hours, million",97.338
North Macedonia,2017,"Kilowatt-hours, million",110.48
North Macedonia,2016,"Kilowatt-hours, million",109.483
North Macedonia,2015,"Kilowatt-hours, million",120.768
North Macedonia,2014,"Kilowatt-hours, million",70.632
Norway,2019,"Kilowatt-hours, million",5536.25
Norway,2018,"Kilowatt-hours, million",3875.881
Norway,2017,"Kilowatt-hours, million",2854
Norway,2016,"Kilowatt-hours, million",2116
Norway,2015,"Kilowatt-hours, million",2515
Norway,2014,"Kilowatt-hours, million",2217
Norway,2013,"Kilowatt-hours, million",1881
Norway,2012,"Kilowatt-hours, million",1548
Norway,2011,"Kilowatt-hours, million",1283
Norway,2010,"Kilowatt-hours, million",879
Norway,2009,"Kilowatt-hours, million",977
Norway,2008,"Kilowatt-hours, million",913
Norway,2007,"Kilowatt-hours, million",892
Norway,2006,"Kilowatt-hours, million",636
Norway,2005,"Kilowatt-hours, million",499
Norway,2004,"Kilowatt-hours, million",252
Norway,2003,"Kilowatt-hours, million",218
Norway,2002,"Kilowatt-hours, million",75
Norway,2001,"Kilowatt-hours, million",27
Norway,2000,"Kilowatt-hours, million",31
Norway,1999,"Kilowatt-hours, million",25
Norway,1998,"Kilowatt-hours, million",11
Norway,1997,"Kilowatt-hours, million",11
Norway,1996,"Kilowatt-hours, million",9
Norway,1995,"Kilowatt-hours, million",10
Norway,1994,"Kilowatt-hours, million",9
Norway,1993,"Kilowatt-hours, million",7
Pakistan,2020,"Kilowatt-hours, million",2914
Pakistan,2019,"Kilowatt-hours, million",3234
Pakistan,2018,"Kilowatt-hours, million",2124
Pakistan,2017,"Kilowatt-hours, million",1422
Pakistan,2016,"Kilowatt-hours, million",791
Pakistan,2015,"Kilowatt-hours, million",461
Pakistan,2014,"Kilowatt-hours, million",265
Pakistan,2013,"Kilowatt-hours, million",6
Panama,2020,"Kilowatt-hours, million",584.2
Panama,2019,"Kilowatt-hours, million",724.6
Panama,2018,"Kilowatt-hours, million",587.9
Panama,2017,"Kilowatt-hours, million",491.2
Panama,2016,"Kilowatt-hours, million",625.2
Panama,2015,"Kilowatt-hours, million",418.5
Panama,2014,"Kilowatt-hours, million",116.3
Papua New Guinea,2001,"Kilowatt-hours, million",0
Papua New Guinea,2000,"Kilowatt-hours, million",186
Papua New Guinea,1999,"Kilowatt-hours, million",349
Papua New Guinea,1998,"Kilowatt-hours, million",0
Peru,2019,"Kilowatt-hours, million",1655.039
Peru,2018,"Kilowatt-hours, million",1502
Peru,2017,"Kilowatt-hours, million",1073
Peru,2016,"Kilowatt-hours, million",1064
Peru,2015,"Kilowatt-hours, million",596
Peru,2014,"Kilowatt-hours, million",256
Peru,2013,"Kilowatt-hours, million",1.2
Peru,2012,"Kilowatt-hours, million",1.2
Peru,2011,"Kilowatt-hours, million",1.2
Peru,2010,"Kilowatt-hours, million",1
Peru,2009,"Kilowatt-hours, million",1
Peru,2008,"Kilowatt-hours, million",1
Peru,2007,"Kilowatt-hours, million",1
Peru,2006,"Kilowatt-hours, million",1
Peru,2005,"Kilowatt-hours, million",1
Peru,2004,"Kilowatt-hours, million",1
Peru,2003,"Kilowatt-hours, million",1
Peru,2002,"Kilowatt-hours, million",1
Peru,2001,"Kilowatt-hours, million",1
Peru,2000,"Kilowatt-hours, million",0
Philippines,2020,"Kilowatt-hours, million",1026.4
Philippines,2019,"Kilowatt-hours, million",1041.7
Philippines,2018,"Kilowatt-hours, million",1152.9
Philippines,2017,"Kilowatt-hours, million",1093.6
Philippines,2016,"Kilowatt-hours, million",975.2
Philippines,2015,"Kilowatt-hours, million",748.4
Philippines,2014,"Kilowatt-hours, million",152.1
Philippines,2013,"Kilowatt-hours, million",65.7
Philippines,2012,"Kilowatt-hours, million",75.3
Philippines,2011,"Kilowatt-hours, million",88.2
Philippines,2010,"Kilowatt-hours, million",61.7
Philippines,2009,"Kilowatt-hours, million",64.4
Philippines,2008,"Kilowatt-hours, million",61.3857
Philippines,2007,"Kilowatt-hours, million",57.8419
Philippines,2006,"Kilowatt-hours, million",55
Philippines,2005,"Kilowatt-hours, million",55
Philippines,2004,"Kilowatt-hours, million",0
Philippines,2003,"Kilowatt-hours, million",0
Philippines,2002,"Kilowatt-hours, million",0
Philippines,2001,"Kilowatt-hours, million",0
Poland,2019,"Kilowatt-hours, million",15106.759
Poland,2018,"Kilowatt-hours, million",12798.792
Poland,2017,"Kilowatt-hours, million",14909.04
Poland,2016,"Kilowatt-hours, million",12588
Poland,2015,"Kilowatt-hours, million",10858
Poland,2014,"Kilowatt-hours, million",7676
Poland,2013,"Kilowatt-hours, million",6004
Poland,2012,"Kilowatt-hours, million",4747
Poland,2011,"Kilowatt-hours, million",3205
Poland,2010,"Kilowatt-hours, million",1664
Poland,2009,"Kilowatt-hours, million",1077
Poland,2008,"Kilowatt-hours, million",837
Poland,2007,"Kilowatt-hours, million",522
Poland,2006,"Kilowatt-hours, million",256
Poland,2005,"Kilowatt-hours, million",135
Poland,2004,"Kilowatt-hours, million",142
Poland,2003,"Kilowatt-hours, million",124
Poland,2002,"Kilowatt-hours, million",61
Poland,2001,"Kilowatt-hours, million",14
Poland,2000,"Kilowatt-hours, million",5
Poland,1999,"Kilowatt-hours, million",4
Poland,1998,"Kilowatt-hours, million",4
Poland,1997,"Kilowatt-hours, million",2
Poland,1996,"Kilowatt-hours, million",0
Poland,1995,"Kilowatt-hours, million",1
Portugal,2019,"Kilowatt-hours, million",13666.949
Portugal,2018,"Kilowatt-hours, million",12616.584
Portugal,2017,"Kilowatt-hours, million",12247.853
Portugal,2016,"Kilowatt-hours, million",12474
Portugal,2015,"Kilowatt-hours, million",11608
Portugal,2014,"Kilowatt-hours, million",12111
Portugal,2013,"Kilowatt-hours, million",12014
Portugal,2012,"Kilowatt-hours, million",10259
Portugal,2011,"Kilowatt-hours, million",9161
Portugal,2010,"Kilowatt-hours, million",9182
Portugal,2009,"Kilowatt-hours, million",7577
Portugal,2008,"Kilowatt-hours, million",5757
Portugal,2007,"Kilowatt-hours, million",4037
Portugal,2006,"Kilowatt-hours, million",2925
Portugal,2005,"Kilowatt-hours, million",1773
Portugal,2004,"Kilowatt-hours, million",816
Portugal,2003,"Kilowatt-hours, million",496
Portugal,2002,"Kilowatt-hours, million",362
Portugal,2001,"Kilowatt-hours, million",256
Portugal,2000,"Kilowatt-hours, million",168
Portugal,1999,"Kilowatt-hours, million",123
Portugal,1998,"Kilowatt-hours, million",89
Portugal,1997,"Kilowatt-hours, million",38
Portugal,1996,"Kilowatt-hours, million",21
Portugal,1995,"Kilowatt-hours, million",16
Portugal,1994,"Kilowatt-hours, million",17
Portugal,1993,"Kilowatt-hours, million",11
Portugal,1992,"Kilowatt-hours, million",4
Portugal,1991,"Kilowatt-hours, million",1
Portugal,1990,"Kilowatt-hours, million",1
Puerto Rico,2020,"Kilowatt-hours, million",142.7
Puerto Rico,2019,"Kilowatt-hours, million",159
Puerto Rico,2018,"Kilowatt-hours, million",107.8
Puerto Rico,2017,"Kilowatt-hours, million",148.8
Puerto Rico,2016,"Kilowatt-hours, million",193.2
Puerto Rico,2015,"Kilowatt-hours, million",239.1
Puerto Rico,2014,"Kilowatt-hours, million",218.2
Puerto Rico,2013,"Kilowatt-hours, million",172.6
Puerto Rico,2012,"Kilowatt-hours, million",15.2
Puerto Rico,2011,"Kilowatt-hours, million",0.9
Puerto Rico,2010,"Kilowatt-hours, million",0.9
Republic of Moldova,2019,"Kilowatt-hours, million",43
Republic of Moldova,2018,"Kilowatt-hours, million",23
Republic of Moldova,2017,"Kilowatt-hours, million",7
Republic of Moldova,2016,"Kilowatt-hours, million",3
Republic of Moldova,2015,"Kilowatt-hours, million",2
Republic of Moldova,2014,"Kilowatt-hours, million",1
Republic of Moldova,2013,"Kilowatt-hours, million",1
Republic of Moldova,2012,"Kilowatt-hours, million",0
Romania,2019,"Kilowatt-hours, million",6772.809
Romania,2018,"Kilowatt-hours, million",6322.219
Romania,2017,"Kilowatt-hours, million",7406.702
Romania,2016,"Kilowatt-hours, million",6590
Romania,2015,"Kilowatt-hours, million",7063
Romania,2014,"Kilowatt-hours, million",6201
Romania,2013,"Kilowatt-hours, million",4520
Romania,2012,"Kilowatt-hours, million",2640
Romania,2011,"Kilowatt-hours, million",1388
Romania,2010,"Kilowatt-hours, million",306
Romania,2009,"Kilowatt-hours, million",9
Romania,2008,"Kilowatt-hours, million",5
Romania,2007,"Kilowatt-hours, million",3
Romania,2006,"Kilowatt-hours, million",0
Romania,2005,"Kilowatt-hours, million",0
Romania,2004,"Kilowatt-hours, million",0
Romania,2003,"Kilowatt-hours, million",0
Romania,2002,"Kilowatt-hours, million",0
Russia,2019,"Kilowatt-hours, million",330.793
Russia,2018,"Kilowatt-hours, million",231.883
Russia,2017,"Kilowatt-hours, million",140.088
Russia,2016,"Kilowatt-hours, million",148
Russia,2015,"Kilowatt-hours, million",148
Russia,2014,"Kilowatt-hours, million",96
Russia,2013,"Kilowatt-hours, million",5
Russia,2012,"Kilowatt-hours, million",5
Russia,2011,"Kilowatt-hours, million",5
Russia,2010,"Kilowatt-hours, million",4
Russia,2009,"Kilowatt-hours, million",4
Russia,2008,"Kilowatt-hours, million",5
Russia,2007,"Kilowatt-hours, million",7
Russia,2006,"Kilowatt-hours, million",5
Russia,2005,"Kilowatt-hours, million",7
Russia,2004,"Kilowatt-hours, million",7
Russia,2003,"Kilowatt-hours, million",9
Russia,2002,"Kilowatt-hours, million",6
Russia,2001,"Kilowatt-hours, million",3
Russia,2000,"Kilowatt-hours, million",2
Russia,1999,"Kilowatt-hours, million",2
Russia,1998,"Kilowatt-hours, million",0
Russia,1997,"Kilowatt-hours, million",0
Samoa,2020,"Kilowatt-hours, million",0.218
Samoa,2019,"Kilowatt-hours, million",0.216
Samoa,2018,"Kilowatt-hours, million",0.134
Samoa,2017,"Kilowatt-hours, million",0.155
Samoa,2016,"Kilowatt-hours, million",0.203
Samoa,2015,"Kilowatt-hours, million",0.176
Samoa,2014,"Kilowatt-hours, million",0.06
Samoa,2013,"Kilowatt-hours, million",0
Saudi Arabia,2019,"Kilowatt-hours, million",5.69
Saudi Arabia,2018,"Kilowatt-hours, million",4.82
Saudi Arabia,2017,"Kilowatt-hours, million",4.82
Senegal,2019,"Kilowatt-hours, million",23.132
Serbia,2019,"Kilowatt-hours, million",898
Serbia,2018,"Kilowatt-hours, million",150
Serbia,2017,"Kilowatt-hours, million",48.457
Serbia,2016,"Kilowatt-hours, million",26
Seychelles,2020,"Kilowatt-hours, million",8.1
Seychelles,2019,"Kilowatt-hours, million",8
Seychelles,2018,"Kilowatt-hours, million",7.4
Seychelles,2017,"Kilowatt-hours, million",6.6
Seychelles,2016,"Kilowatt-hours, million",6.9
Seychelles,2015,"Kilowatt-hours, million",6.8
Seychelles,2014,"Kilowatt-hours, million",7.09
Seychelles,2013,"Kilowatt-hours, million",6.95
Slovakia,2019,"Kilowatt-hours, million",6
Slovakia,2018,"Kilowatt-hours, million",6
Slovakia,2017,"Kilowatt-hours, million",6
Slovakia,2016,"Kilowatt-hours, million",6
Slovakia,2015,"Kilowatt-hours, million",6
Slovakia,2014,"Kilowatt-hours, million",6
Slovakia,2013,"Kilowatt-hours, million",6
Slovakia,2012,"Kilowatt-hours, million",6
Slovakia,2011,"Kilowatt-hours, million",5
Slovakia,2010,"Kilowatt-hours, million",6
Slovakia,2009,"Kilowatt-hours, million",6
Slovakia,2008,"Kilowatt-hours, million",7
Slovakia,2007,"Kilowatt-hours, million",8
Slovakia,2006,"Kilowatt-hours, million",6
Slovakia,2005,"Kilowatt-hours, million",6
Slovakia,2004,"Kilowatt-hours, million",6
Slovakia,2003,"Kilowatt-hours, million",2
Slovenia,2019,"Kilowatt-hours, million",6.15
Slovenia,2018,"Kilowatt-hours, million",6.021
Slovenia,2017,"Kilowatt-hours, million",5.716
Slovenia,2016,"Kilowatt-hours, million",6
Slovenia,2015,"Kilowatt-hours, million",6
Slovenia,2014,"Kilowatt-hours, million",4
Slovenia,2013,"Kilowatt-hours, million",4
Slovenia,2012,"Kilowatt-hours, million",0
Slovenia,2011,"Kilowatt-hours, million",0
Slovenia,2010,"Kilowatt-hours, million",0
Slovenia,2009,"Kilowatt-hours, million",0
Slovenia,2008,"Kilowatt-hours, million",0
Somalia,2020,"Kilowatt-hours, million",6.22
Somalia,2019,"Kilowatt-hours, million",6.22
Somalia,2018,"Kilowatt-hours, million",6.22
Somalia,2017,"Kilowatt-hours, million",6.22
Somalia,2016,"Kilowatt-hours, million",4.91
Somalia,2015,"Kilowatt-hours, million",4.91
Somalia,2014,"Kilowatt-hours, million",3.85
Somalia,2013,"Kilowatt-hours, million",3.85
Somalia,2012,"Kilowatt-hours, million",3.85
South Africa,2019,"Kilowatt-hours, million",6624
South Africa,2018,"Kilowatt-hours, million",6467
South Africa,2017,"Kilowatt-hours, million",5132
South Africa,2016,"Kilowatt-hours, million",3722
South Africa,2015,"Kilowatt-hours, million",2500
South Africa,2014,"Kilowatt-hours, million",1100
South Africa,2013,"Kilowatt-hours, million",10
South Africa,2012,"Kilowatt-hours, million",37
South Africa,2011,"Kilowatt-hours, million",37
South Africa,2010,"Kilowatt-hours, million",34
Spain,2019,"Kilowatt-hours, million",55647
Spain,2018,"Kilowatt-hours, million",50896
Spain,2017,"Kilowatt-hours, million",49127
Spain,2016,"Kilowatt-hours, million",48905
Spain,2015,"Kilowatt-hours, million",49325
Spain,2014,"Kilowatt-hours, million",52013
Spain,2013,"Kilowatt-hours, million",55646
Spain,2012,"Kilowatt-hours, million",49472
Spain,2011,"Kilowatt-hours, million",42918
Spain,2010,"Kilowatt-hours, million",44271
Spain,2009,"Kilowatt-hours, million",38117
Spain,2008,"Kilowatt-hours, million",32946
Spain,2007,"Kilowatt-hours, million",27568
Spain,2006,"Kilowatt-hours, million",23297
Spain,2005,"Kilowatt-hours, million",21176
Spain,2004,"Kilowatt-hours, million",15700
Spain,2003,"Kilowatt-hours, million",12075
Spain,2002,"Kilowatt-hours, million",9342
Spain,2001,"Kilowatt-hours, million",6759
Spain,2000,"Kilowatt-hours, million",4727
Spain,1999,"Kilowatt-hours, million",2744
Spain,1998,"Kilowatt-hours, million",1352
Spain,1997,"Kilowatt-hours, million",742
Spain,1996,"Kilowatt-hours, million",364
Spain,1995,"Kilowatt-hours, million",270
Spain,1994,"Kilowatt-hours, million",175
Spain,1993,"Kilowatt-hours, million",116
Spain,1992,"Kilowatt-hours, million",103
Spain,1991,"Kilowatt-hours, million",15
Spain,1990,"Kilowatt-hours, million",14
Sri Lanka,2019,"Kilowatt-hours, million",348.406
Sri Lanka,2018,"Kilowatt-hours, million",326.333
Sri Lanka,2017,"Kilowatt-hours, million",366.8
Sri Lanka,2016,"Kilowatt-hours, million",347
Sri Lanka,2015,"Kilowatt-hours, million",344.3
Sri Lanka,2014,"Kilowatt-hours, million",274.55
Sri Lanka,2013,"Kilowatt-hours, million",235.576
Sri Lanka,2012,"Kilowatt-hours, million",146.806
Sri Lanka,2011,"Kilowatt-hours, million",91.606
Sri Lanka,2010,"Kilowatt-hours, million",53.206
Sri Lanka,2009,"Kilowatt-hours, million",3.506
Sri Lanka,2008,"Kilowatt-hours, million",3.206
Sri Lanka,2007,"Kilowatt-hours, million",2.306
Sri Lanka,2006,"Kilowatt-hours, million",2.306
Sri Lanka,2005,"Kilowatt-hours, million",2.406
Sri Lanka,2004,"Kilowatt-hours, million",2.706
Sri Lanka,2003,"Kilowatt-hours, million",3.406
Sri Lanka,2002,"Kilowatt-hours, million",3.606
Sri Lanka,2001,"Kilowatt-hours, million",3.5
Sri Lanka,2000,"Kilowatt-hours, million",3.4
Sri Lanka,1999,"Kilowatt-hours, million",3
St. Helena and Depend.,2020,"Kilowatt-hours, million",1.831
St. Helena and Depend.,2019,"Kilowatt-hours, million",1.887
St. Helena and Depend.,2018,"Kilowatt-hours, million",2.503
St. Helena and Depend.,2017,"Kilowatt-hours, million",1.861
St. Helena and Depend.,2016,"Kilowatt-hours, million",2.304
St. Helena and Depend.,2015,"Kilowatt-hours, million",2.447
St. Helena and Depend.,2014,"Kilowatt-hours, million",1.972
St. Helena and Depend.,2013,"Kilowatt-hours, million",0.997
St. Helena and Depend.,2012,"Kilowatt-hours, million",0.87
St. Helena and Depend.,2011,"Kilowatt-hours, million",1.14
St. Helena and Depend.,2010,"Kilowatt-hours, million",1.1
St. Helena and Depend.,2009,"Kilowatt-hours, million",0.63
St. Helena and Depend.,2008,"Kilowatt-hours, million",0.6
St. Kitts-Nevis,2019,"Kilowatt-hours, million",7.6
St. Kitts-Nevis,2018,"Kilowatt-hours, million",7.6
St. Kitts-Nevis,2017,"Kilowatt-hours, million",7.6
St. Kitts-Nevis,2016,"Kilowatt-hours, million",7.6
St. Kitts-Nevis,2015,"Kilowatt-hours, million",7.6
St. Kitts-Nevis,2014,"Kilowatt-hours, million",7.6
St. Kitts-Nevis,2013,"Kilowatt-hours, million",7.6
St. Kitts-Nevis,2012,"Kilowatt-hours, million",7.668
St. Kitts-Nevis,2011,"Kilowatt-hours, million",5.401
St. Kitts-Nevis,2010,"Kilowatt-hours, million",5.576
St. Kitts-Nevis,2009,"Kilowatt-hours, million",0
St. Pierre-Miquelon,2016,"Kilowatt-hours, million",0
St. Pierre-Miquelon,2015,"Kilowatt-hours, million",0
St. Pierre-Miquelon,2014,"Kilowatt-hours, million",0.03
St. Pierre-Miquelon,2013,"Kilowatt-hours, million",0.99
St. Pierre-Miquelon,2012,"Kilowatt-hours, million",0.87
St. Pierre-Miquelon,2011,"Kilowatt-hours, million",1.13
St. Pierre-Miquelon,2010,"Kilowatt-hours, million",1.05
St. Pierre-Miquelon,2009,"Kilowatt-hours, million",0.81
St. Pierre-Miquelon,2008,"Kilowatt-hours, million",0.85
St. Pierre-Miquelon,2007,"Kilowatt-hours, million",0.8
St. Pierre-Miquelon,2006,"Kilowatt-hours, million",0.8
St. Pierre-Miquelon,2005,"Kilowatt-hours, million",0.8
St. Pierre-Miquelon,2004,"Kilowatt-hours, million",0.8
St. Pierre-Miquelon,2003,"Kilowatt-hours, million",0.8
St. Pierre-Miquelon,2002,"Kilowatt-hours, million",0.8
St. Pierre-Miquelon,2001,"Kilowatt-hours, million",0.8
St. Pierre-Miquelon,2000,"Kilowatt-hours, million",0.8
Sweden,2019,"Kilowatt-hours, million",19847
Sweden,2018,"Kilowatt-hours, million",16623
Sweden,2017,"Kilowatt-hours, million",17609
Sweden,2016,"Kilowatt-hours, million",15479
Sweden,2015,"Kilowatt-hours, million",16322
Sweden,2014,"Kilowatt-hours, million",11235
Sweden,2013,"Kilowatt-hours, million",9842
Sweden,2012,"Kilowatt-hours, million",7164
Sweden,2011,"Kilowatt-hours, million",6107
Sweden,2010,"Kilowatt-hours, million",3487
Sweden,2009,"Kilowatt-hours, million",2491
Sweden,2008,"Kilowatt-hours, million",1998
Sweden,2007,"Kilowatt-hours, million",1426
Sweden,2006,"Kilowatt-hours, million",984
Sweden,2005,"Kilowatt-hours, million",935
Sweden,2004,"Kilowatt-hours, million",860
Sweden,2003,"Kilowatt-hours, million",679
Sweden,2002,"Kilowatt-hours, million",608
Sweden,2001,"Kilowatt-hours, million",482
Sweden,2000,"Kilowatt-hours, million",457
Sweden,1999,"Kilowatt-hours, million",358
Sweden,1998,"Kilowatt-hours, million",317
Sweden,1997,"Kilowatt-hours, million",203
Sweden,1996,"Kilowatt-hours, million",144
Sweden,1995,"Kilowatt-hours, million",99
Sweden,1994,"Kilowatt-hours, million",72
Sweden,1993,"Kilowatt-hours, million",48
Sweden,1992,"Kilowatt-hours, million",31
Sweden,1991,"Kilowatt-hours, million",13
Sweden,1990,"Kilowatt-hours, million",6
Switzerland,2019,"Kilowatt-hours, million",145.92
Switzerland,2018,"Kilowatt-hours, million",121.8
Switzerland,2017,"Kilowatt-hours, million",132.6
Switzerland,2016,"Kilowatt-hours, million",109
Switzerland,2015,"Kilowatt-hours, million",110
Switzerland,2014,"Kilowatt-hours, million",101
Switzerland,2013,"Kilowatt-hours, million",90
Switzerland,2012,"Kilowatt-hours, million",88
Switzerland,2011,"Kilowatt-hours, million",70
Switzerland,2010,"Kilowatt-hours, million",37
Switzerland,2009,"Kilowatt-hours, million",23
Switzerland,2008,"Kilowatt-hours, million",19
Switzerland,2007,"Kilowatt-hours, million",16
Switzerland,2006,"Kilowatt-hours, million",15
Switzerland,2005,"Kilowatt-hours, million",8
Switzerland,2004,"Kilowatt-hours, million",6
Switzerland,2003,"Kilowatt-hours, million",5
Switzerland,2002,"Kilowatt-hours, million",5
Switzerland,2001,"Kilowatt-hours, million",4
Switzerland,2000,"Kilowatt-hours, million",3
Switzerland,1999,"Kilowatt-hours, million",3
Switzerland,1998,"Kilowatt-hours, million",3
Switzerland,1997,"Kilowatt-hours, million",2
Switzerland,1996,"Kilowatt-hours, million",1
Thailand,2019,"Kilowatt-hours, million",3670.3
Thailand,2018,"Kilowatt-hours, million",1641.4
Thailand,2017,"Kilowatt-hours, million",1109.9
Thailand,2016,"Kilowatt-hours, million",345
Thailand,2015,"Kilowatt-hours, million",329
Thailand,2014,"Kilowatt-hours, million",305
Thailand,2013,"Kilowatt-hours, million",305
Thailand,2012,"Kilowatt-hours, million",141
Thailand,2011,"Kilowatt-hours, million",5
Thailand,2010,"Kilowatt-hours, million",3
Thailand,2009,"Kilowatt-hours, million",1
Thailand,2008,"Kilowatt-hours, million",0.2
Thailand,2007,"Kilowatt-hours, million",0.2
Thailand,2006,"Kilowatt-hours, million",0.9
Thailand,2005,"Kilowatt-hours, million",0.8
Thailand,2004,"Kilowatt-hours, million",0.3
Thailand,2003,"Kilowatt-hours, million",0.3
Thailand,2002,"Kilowatt-hours, million",0.3
Thailand,2001,"Kilowatt-hours, million",0.3
Thailand,2000,"Kilowatt-hours, million",0.3
Thailand,1999,"Kilowatt-hours, million",0.3
Thailand,1998,"Kilowatt-hours, million",0.4
Tonga,2020,"Kilowatt-hours, million",2.62
Tonga,2019,"Kilowatt-hours, million",0.227
Tonga,2018,"Kilowatt-hours, million",0.022
Tonga,2017,"Kilowatt-hours, million",0.033
Tonga,2016,"Kilowatt-hours, million",0.02
Tonga,2015,"Kilowatt-hours, million",0.011
Tonga,2014,"Kilowatt-hours, million",0.016
Tonga,2013,"Kilowatt-hours, million",0.008
Trinidad and Tobago,2019,"Kilowatt-hours, million",0.022
Trinidad and Tobago,2018,"Kilowatt-hours, million",0.022
Trinidad and Tobago,2017,"Kilowatt-hours, million",0.022
Tunisia,2019,"Kilowatt-hours, million",500
Tunisia,2018,"Kilowatt-hours, million",453
Tunisia,2017,"Kilowatt-hours, million",449
Tunisia,2016,"Kilowatt-hours, million",474
Tunisia,2015,"Kilowatt-hours, million",448
Tunisia,2014,"Kilowatt-hours, million",507
Tunisia,2013,"Kilowatt-hours, million",358
Tunisia,2012,"Kilowatt-hours, million",196
Tunisia,2011,"Kilowatt-hours, million",109
Tunisia,2010,"Kilowatt-hours, million",139
Tunisia,2009,"Kilowatt-hours, million",97
Tunisia,2008,"Kilowatt-hours, million",39
Tunisia,2007,"Kilowatt-hours, million",43
Tunisia,2006,"Kilowatt-hours, million",38
Tunisia,2005,"Kilowatt-hours, million",42
Tunisia,2004,"Kilowatt-hours, million",44
Tunisia,2003,"Kilowatt-hours, million",33
Tunisia,2002,"Kilowatt-hours, million",30
Tunisia,2001,"Kilowatt-hours, million",24
Tunisia,2000,"Kilowatt-hours, million",23
Tunisia,1999,"Kilowatt-hours, million",0
Tunisia,1998,"Kilowatt-hours, million",0
Tunisia,1997,"Kilowatt-hours, million",0
Turkey,2019,"Kilowatt-hours, million",21730.713
Turkey,2018,"Kilowatt-hours, million",19949.206
Turkey,2017,"Kilowatt-hours, million",17903.815
Turkey,2016,"Kilowatt-hours, million",15517
Turkey,2015,"Kilowatt-hours, million",11652
Turkey,2014,"Kilowatt-hours, million",8520
Turkey,2013,"Kilowatt-hours, million",7557
Turkey,2012,"Kilowatt-hours, million",5860
Turkey,2011,"Kilowatt-hours, million",4723
Turkey,2010,"Kilowatt-hours, million",2916
Turkey,2009,"Kilowatt-hours, million",1495
Turkey,2008,"Kilowatt-hours, million",847
Turkey,2007,"Kilowatt-hours, million",355
Turkey,2006,"Kilowatt-hours, million",127
Turkey,2005,"Kilowatt-hours, million",59
Turkey,2004,"Kilowatt-hours, million",58
Turkey,2003,"Kilowatt-hours, million",61
Turkey,2002,"Kilowatt-hours, million",48
Turkey,2001,"Kilowatt-hours, million",62
Turkey,2000,"Kilowatt-hours, million",33
Turkey,1999,"Kilowatt-hours, million",21
Turkey,1998,"Kilowatt-hours, million",5
Ukraine,2020,"Kilowatt-hours, million",1931.9
Ukraine,2019,"Kilowatt-hours, million",2020.2
Ukraine,2018,"Kilowatt-hours, million",1188
Ukraine,2017,"Kilowatt-hours, million",984
Ukraine,2016,"Kilowatt-hours, million",954
Ukraine,2015,"Kilowatt-hours, million",1084
Ukraine,2014,"Kilowatt-hours, million",1130
Ukraine,2013,"Kilowatt-hours, million",639
Ukraine,2012,"Kilowatt-hours, million",288
Ukraine,2011,"Kilowatt-hours, million",89
Ukraine,2010,"Kilowatt-hours, million",51
Ukraine,2009,"Kilowatt-hours, million",43
Ukraine,2008,"Kilowatt-hours, million",45
Ukraine,2007,"Kilowatt-hours, million",45
Ukraine,2006,"Kilowatt-hours, million",35
Ukraine,2005,"Kilowatt-hours, million",38
Ukraine,2004,"Kilowatt-hours, million",33
Ukraine,2003,"Kilowatt-hours, million",31
Ukraine,2002,"Kilowatt-hours, million",22
Ukraine,2001,"Kilowatt-hours, million",16
Ukraine,2000,"Kilowatt-hours, million",6
Ukraine,1999,"Kilowatt-hours, million",3
Ukraine,1998,"Kilowatt-hours, million",3
United Kingdom,2019,"Kilowatt-hours, million",64334.844
United Kingdom,2018,"Kilowatt-hours, million",56906.351
United Kingdom,2017,"Kilowatt-hours, million",49641.122
United Kingdom,2016,"Kilowatt-hours, million",37159
United Kingdom,2015,"Kilowatt-hours, million",40275
United Kingdom,2014,"Kilowatt-hours, million",31959
United Kingdom,2013,"Kilowatt-hours, million",28397
United Kingdom,2012,"Kilowatt-hours, million",19847
United Kingdom,2011,"Kilowatt-hours, million",15963
United Kingdom,2010,"Kilowatt-hours, million",10286
United Kingdom,2009,"Kilowatt-hours, million",9281
United Kingdom,2008,"Kilowatt-hours, million",7122
United Kingdom,2007,"Kilowatt-hours, million",5274
United Kingdom,2006,"Kilowatt-hours, million",4225
United Kingdom,2005,"Kilowatt-hours, million",2904
United Kingdom,2004,"Kilowatt-hours, million",1935
United Kingdom,2003,"Kilowatt-hours, million",1285
United Kingdom,2002,"Kilowatt-hours, million",1256
United Kingdom,2001,"Kilowatt-hours, million",965
United Kingdom,2000,"Kilowatt-hours, million",947
United Kingdom,1999,"Kilowatt-hours, million",850
United Kingdom,1998,"Kilowatt-hours, million",877
United Kingdom,1997,"Kilowatt-hours, million",667
United Kingdom,1996,"Kilowatt-hours, million",488
United Kingdom,1995,"Kilowatt-hours, million",391
United Kingdom,1994,"Kilowatt-hours, million",342
United Kingdom,1993,"Kilowatt-hours, million",218
United Kingdom,1992,"Kilowatt-hours, million",40
United Kingdom,1991,"Kilowatt-hours, million",11
United Kingdom,1990,"Kilowatt-hours, million",9
United States,2019,"Kilowatt-hours, million",298200.12
United States,2018,"Kilowatt-hours, million",275834.468
United States,2017,"Kilowatt-hours, million",257249.072
United States,2016,"Kilowatt-hours, million",229471
United States,2015,"Kilowatt-hours, million",192992
United States,2014,"Kilowatt-hours, million",183892
United States,2013,"Kilowatt-hours, million",169713
United States,2012,"Kilowatt-hours, million",141922
United States,2011,"Kilowatt-hours, million",120854
United States,2010,"Kilowatt-hours, million",95148
United States,2009,"Kilowatt-hours, million",74226
United States,2008,"Kilowatt-hours, million",55696
United States,2007,"Kilowatt-hours, million",34603
United States,2006,"Kilowatt-hours, million",26676
United States,2005,"Kilowatt-hours, million",17881
United States,2004,"Kilowatt-hours, million",14291
United States,2003,"Kilowatt-hours, million",11300
United States,2002,"Kilowatt-hours, million",10459
United States,2001,"Kilowatt-hours, million",6806
United States,2000,"Kilowatt-hours, million",5650
United States,1999,"Kilowatt-hours, million",4802
United States,1998,"Kilowatt-hours, million",3018
United States,1997,"Kilowatt-hours, million",3254
United States,1996,"Kilowatt-hours, million",3410
United States,1995,"Kilowatt-hours, million",3196
United States,1994,"Kilowatt-hours, million",3483
United States,1993,"Kilowatt-hours, million",3053
United States,1992,"Kilowatt-hours, million",2917
United States,1991,"Kilowatt-hours, million",3051
United States,1990,"Kilowatt-hours, million",3066
United States Virgin Is.,2019,"Kilowatt-hours, million",0.27
United States Virgin Is.,2018,"Kilowatt-hours, million",0.27
United States Virgin Is.,2017,"Kilowatt-hours, million",0.27
United States Virgin Is.,2016,"Kilowatt-hours, million",0.27
United States Virgin Is.,2015,"Kilowatt-hours, million",0.27
United States Virgin Is.,2014,"Kilowatt-hours, million",0.27
United States Virgin Is.,2013,"Kilowatt-hours, million",0.27
Uruguay,2020,"Kilowatt-hours, million",5475.5
Uruguay,2019,"Kilowatt-hours, million",4752.4
Uruguay,2018,"Kilowatt-hours, million",4732.2
Uruguay,2017,"Kilowatt-hours, million",3774.5
Uruguay,2016,"Kilowatt-hours, million",2994.3
Uruguay,2015,"Kilowatt-hours, million",2065.1
Uruguay,2014,"Kilowatt-hours, million",732.6
Uruguay,2013,"Kilowatt-hours, million",142.9
Uruguay,2012,"Kilowatt-hours, million",117.8
Uruguay,2011,"Kilowatt-hours, million",111.3
Uruguay,2010,"Kilowatt-hours, million",69.9
Uruguay,2009,"Kilowatt-hours, million",42.1
Uruguay,2008,"Kilowatt-hours, million",7.3
Uzbekistan,2019,"Kilowatt-hours, million",15.5
Vanuatu,2019,"Kilowatt-hours, million",6.16
Vanuatu,2018,"Kilowatt-hours, million",4.37
Vanuatu,2017,"Kilowatt-hours, million",4.774
Vanuatu,2016,"Kilowatt-hours, million",5.416
Vanuatu,2015,"Kilowatt-hours, million",8.268
Vanuatu,2014,"Kilowatt-hours, million",6.788
Vanuatu,2013,"Kilowatt-hours, million",5.549
Vanuatu,2012,"Kilowatt-hours, million",5.177
Vanuatu,2011,"Kilowatt-hours, million",4.295
Vanuatu,2010,"Kilowatt-hours, million",5.17
Vanuatu,2009,"Kilowatt-hours, million",5.63
Vanuatu,2008,"Kilowatt-hours, million",5.63
Venezuela,2019,"Kilowatt-hours, million",88
Venezuela,2018,"Kilowatt-hours, million",71
Venezuela,2017,"Kilowatt-hours, million",88
Venezuela,2016,"Kilowatt-hours, million",88
Venezuela,2015,"Kilowatt-hours, million",88
Venezuela,2014,"Kilowatt-hours, million",88
Venezuela,2013,"Kilowatt-hours, million",88
Venezuela,2012,"Kilowatt-hours, million",53
Vietnam,2019,"Kilowatt-hours, million",312
Vietnam,2018,"Kilowatt-hours, million",312
Vietnam,2017,"Kilowatt-hours, million",270
Vietnam,2016,"Kilowatt-hours, million",221
Vietnam,2015,"Kilowatt-hours, million",261
Vietnam,2014,"Kilowatt-hours, million",300
Vietnam,2013,"Kilowatt-hours, million",92
Vietnam,2012,"Kilowatt-hours, million",92
Vietnam,2011,"Kilowatt-hours, million",87
Vietnam,2010,"Kilowatt-hours, million",50
Vietnam,2009,"Kilowatt-hours, million",10
Vietnam,2008,"Kilowatt-hours, million",1
